CREATE DATABASE  IF NOT EXISTS `ProjectOneDB` /*!40100 DEFAULT CHARACTER SET utf8 */;
USE `ProjectOneDB`;
-- MySQL dump 10.13  Distrib 5.7.37, for Win64 (x86_64)
--
-- Host: localhost    Database: ProjectOneDB
-- ------------------------------------------------------
-- Server version	5.5.5-10.5.15-MariaDB-0+deb11u1

/*!40101 SET @OLD_CHARACTER_SET_CLIENT=@@CHARACTER_SET_CLIENT */;
/*!40101 SET @OLD_CHARACTER_SET_RESULTS=@@CHARACTER_SET_RESULTS */;
/*!40101 SET @OLD_COLLATION_CONNECTION=@@COLLATION_CONNECTION */;
/*!40101 SET NAMES utf8 */;
/*!40103 SET @OLD_TIME_ZONE=@@TIME_ZONE */;
/*!40103 SET TIME_ZONE='+00:00' */;
/*!40014 SET @OLD_UNIQUE_CHECKS=@@UNIQUE_CHECKS, UNIQUE_CHECKS=0 */;
/*!40014 SET @OLD_FOREIGN_KEY_CHECKS=@@FOREIGN_KEY_CHECKS, FOREIGN_KEY_CHECKS=0 */;
/*!40101 SET @OLD_SQL_MODE=@@SQL_MODE, SQL_MODE='NO_AUTO_VALUE_ON_ZERO' */;
/*!40111 SET @OLD_SQL_NOTES=@@SQL_NOTES, SQL_NOTES=0 */;

--
-- Table structure for table `Actie`
--

DROP TABLE IF EXISTS `Actie`;
/*!40101 SET @saved_cs_client     = @@character_set_client */;
/*!40101 SET character_set_client = utf8 */;
CREATE TABLE `Actie` (
  `ActieID` int(11) NOT NULL AUTO_INCREMENT,
  `ActieBeschrijving` varchar(45) NOT NULL,
  PRIMARY KEY (`ActieID`),
  UNIQUE KEY `ActieID_UNIQUE` (`ActieID`)
) ENGINE=InnoDB AUTO_INCREMENT=6 DEFAULT CHARSET=utf8;
/*!40101 SET character_set_client = @saved_cs_client */;

--
-- Dumping data for table `Actie`
--

LOCK TABLES `Actie` WRITE;
/*!40000 ALTER TABLE `Actie` DISABLE KEYS */;
INSERT INTO `Actie` VALUES (1,'Aanzetten'),(2,'Uitzetten'),(3,'Data inlezen'),(4,'Data uitlezen');
/*!40000 ALTER TABLE `Actie` ENABLE KEYS */;
UNLOCK TABLES;

--
-- Table structure for table `Device`
--

DROP TABLE IF EXISTS `Device`;
/*!40101 SET @saved_cs_client     = @@character_set_client */;
/*!40101 SET character_set_client = utf8 */;
CREATE TABLE `Device` (
  `DeviceID` int(11) NOT NULL AUTO_INCREMENT,
  `Naam` varchar(250) NOT NULL,
  `Merk` varchar(250) NOT NULL,
  `Beschrijving` varchar(250) NOT NULL,
  `Type` varchar(45) NOT NULL,
  `Aankoopkost` double NOT NULL,
  `Meeteenheid` varchar(45) DEFAULT NULL,
  `Geactiveerd` double NOT NULL,
  PRIMARY KEY (`DeviceID`)
) ENGINE=InnoDB AUTO_INCREMENT=7 DEFAULT CHARSET=utf8;
/*!40101 SET character_set_client = @saved_cs_client */;

--
-- Dumping data for table `Device`
--

LOCK TABLES `Device` WRITE;
/*!40000 ALTER TABLE `Device` DISABLE KEYS */;
INSERT INTO `Device` VALUES (1,'DS18B20 Digitale Roestvrij Staal Temperatuursensor','AZDelivery','Waterdichte temperatuursensor','Sensor',3.15,'°C',0),(2,'CQRobot Oceaan: TDS','CQRobot','Waterkwaliteit sensor','Sensor',14.99,'TDS deeltjes per miljoen',1),(3,'ZHITING PH0-14','ZHITING','PH sensor','Sensor',45.99,'PH-waarde',1),(4,'WS2812 ECO','BTF-LIGHTING','LED-strip','Actuator',9.49,NULL,0),(5,'Active buzzer','Ociodual','Actieve buzzer','Actuator',2.89,NULL,0),(6,'LCD display','AZDelivery','Display voor het weergeven van de waardes + IP adres','Actuator',4.99,NULL,0);
/*!40000 ALTER TABLE `Device` ENABLE KEYS */;
UNLOCK TABLES;

--
-- Table structure for table `Historiek`
--

DROP TABLE IF EXISTS `Historiek`;
/*!40101 SET @saved_cs_client     = @@character_set_client */;
/*!40101 SET character_set_client = utf8 */;
CREATE TABLE `Historiek` (
  `HistoriekID` int(11) NOT NULL AUTO_INCREMENT,
  `Actiedatum` datetime NOT NULL,
  `Waarde` double NOT NULL,
  `Commentaar` varchar(250) DEFAULT NULL,
  `DeviceID` int(11) NOT NULL,
  `ActieID` int(11) NOT NULL,
  `StatusID` int(11) NOT NULL,
  PRIMARY KEY (`HistoriekID`),
  KEY `fk_Historiek_Device_idx` (`DeviceID`),
  KEY `fk_Historiek_Status1_idx` (`StatusID`),
  KEY `fk_Historiek_Actie1_idx` (`ActieID`),
  CONSTRAINT `fk_Historiek_Actie1` FOREIGN KEY (`ActieID`) REFERENCES `Actie` (`ActieID`) ON DELETE NO ACTION ON UPDATE NO ACTION,
  CONSTRAINT `fk_Historiek_Device` FOREIGN KEY (`DeviceID`) REFERENCES `Device` (`DeviceID`) ON DELETE NO ACTION ON UPDATE NO ACTION,
  CONSTRAINT `fk_Historiek_Status1` FOREIGN KEY (`StatusID`) REFERENCES `Status` (`StatusID`) ON DELETE NO ACTION ON UPDATE NO ACTION
) ENGINE=InnoDB AUTO_INCREMENT=3449 DEFAULT CHARSET=utf8;
/*!40101 SET character_set_client = @saved_cs_client */;

--
-- Dumping data for table `Historiek`
--

LOCK TABLES `Historiek` WRITE;
/*!40000 ALTER TABLE `Historiek` DISABLE KEYS */;
INSERT INTO `Historiek` VALUES (1,'2022-04-06 00:00:00',1,'testdata',1,0,1),(2,'2022-04-07 00:00:00',2,'testdata',2,0,2),(3,'2022-04-08 00:00:00',3,'testdata',3,0,3),(4,'2022-04-09 00:00:00',4,'testdata',4,0,2),(5,'2022-04-10 00:00:00',5,'testdata',5,0,1),(6,'2022-04-11 00:00:00',6,'testdata',6,0,2),(7,'2022-04-12 00:00:00',7,'testdata',5,0,3),(8,'2022-04-13 00:00:00',8,'testdata',4,0,2),(9,'2022-04-14 00:00:00',9,'testdata',3,0,1),(10,'2022-04-15 00:00:00',8,'testdata',2,0,2),(11,'2022-04-16 00:00:00',7,'testdata',1,0,3),(12,'2022-04-17 00:00:00',6,'testdata',2,0,2),(13,'2022-04-18 00:00:00',5,'testdata',3,0,1),(14,'2022-04-19 00:00:00',4,'testdata',4,0,2),(15,'2022-04-20 00:00:00',3,'testdata',5,0,3),(16,'2022-04-21 00:00:00',2,'testdata',6,0,2),(17,'2022-04-22 00:00:00',1,'testdata',5,0,1),(18,'2022-04-23 00:00:00',2,'testdata',4,0,2),(19,'2022-04-24 00:00:00',3,'testdata',3,0,3),(20,'2022-04-25 00:00:00',4,'testdata',2,0,2),(21,'2022-04-26 00:00:00',5,'testdata',1,0,1),(22,'2022-04-27 00:00:00',6,'testdata',2,0,2),(23,'2022-04-28 00:00:00',7,'testdata',3,0,3),(24,'2022-04-29 00:00:00',8,'testdata',4,0,2),(25,'2022-04-30 00:00:00',9,'testdata',5,0,1),(26,'2022-05-01 00:00:00',8,'testdata',6,0,2),(27,'2022-05-02 00:00:00',7,'testdata',5,0,3),(28,'2022-05-03 00:00:00',6,'testdata',4,0,2),(29,'2022-05-04 00:00:00',5,'testdata',3,0,1),(30,'2022-05-05 00:00:00',4,'testdata',2,0,2),(31,'2022-05-06 00:00:00',3,'testdata',1,0,3),(32,'2022-05-07 00:00:00',2,'testdata',2,0,2),(33,'2022-05-08 00:00:00',1,'testdata',3,0,1),(34,'2022-05-09 00:00:00',2,'testdata',4,0,2),(35,'2022-05-10 00:00:00',3,'testdata',5,0,3),(36,'2022-05-11 00:00:00',4,'testdata',6,0,2),(37,'2022-05-12 00:00:00',5,'testdata',5,0,1),(38,'2022-05-13 00:00:00',6,'testdata',4,0,2),(39,'2022-05-14 00:00:00',7,'testdata',3,0,3),(40,'2022-05-15 00:00:00',8,'testdata',2,0,2),(41,'2022-05-16 00:00:00',9,'testdata',1,0,1),(42,'2022-05-17 00:00:00',8,'testdata',2,0,2),(43,'2022-05-18 00:00:00',7,'testdata',3,0,3),(44,'2022-05-19 00:00:00',6,'testdata',4,0,2),(45,'2022-05-20 00:00:00',5,'testdata',5,0,1),(46,'2022-05-21 00:00:00',4,'testdata',6,0,2),(47,'2022-05-22 00:00:00',3,'testdata',5,0,3),(48,'2022-05-23 00:00:00',2,'testdata',4,0,2),(49,'2022-05-24 00:00:00',1,'testdata',3,0,1),(50,'2022-05-25 00:00:00',2,'testdata',2,0,2),(51,'2022-05-26 00:00:00',9.5,'test',1,0,3),(52,'2022-05-25 13:10:27',24.69,'Gemeten temperatuur',1,0,2),(53,'2022-05-25 13:10:39',24.69,'Gemeten temperatuur',1,0,2),(54,'2022-05-25 13:35:47',25.31,'Gemeten temperatuur',1,0,2),(55,'2022-05-25 13:35:59',25.31,'Gemeten temperatuur',1,0,2),(56,'2022-05-25 13:36:10',25.31,'Gemeten temperatuur',1,0,2),(57,'2022-05-25 13:36:21',25.31,'Gemeten temperatuur',1,0,2),(58,'2022-05-25 13:36:33',25.31,'Gemeten temperatuur',1,0,2),(59,'2022-05-25 13:36:44',25.31,'Gemeten temperatuur',1,0,2),(60,'2022-05-25 13:36:55',25.31,'Gemeten temperatuur',1,0,2),(61,'2022-05-25 13:37:06',25.31,'Gemeten temperatuur',1,0,2),(62,'2022-05-25 13:37:18',25.31,'Gemeten temperatuur',1,0,2),(63,'2022-05-25 13:37:29',25.44,'Gemeten temperatuur',1,0,2),(64,'2022-05-25 13:37:40',28.62,'Gemeten temperatuur',1,0,2),(65,'2022-05-25 13:37:52',28.31,'Gemeten temperatuur',1,0,2),(66,'2022-05-25 13:38:03',28,'Gemeten temperatuur',1,0,2),(67,'2022-05-25 13:38:14',27.75,'Gemeten temperatuur',1,0,2),(68,'2022-05-25 13:38:25',27.62,'Gemeten temperatuur',1,0,2),(69,'2022-05-25 13:38:37',27.5,'Gemeten temperatuur',1,0,2),(70,'2022-05-25 13:38:48',27.38,'Gemeten temperatuur',1,0,2),(71,'2022-05-25 13:38:59',27.25,'Gemeten temperatuur',1,0,2),(72,'2022-05-25 13:39:10',27.12,'Gemeten temperatuur',1,0,2),(73,'2022-05-25 13:39:22',27,'Gemeten temperatuur',1,0,2),(74,'2022-05-25 13:39:33',26.88,'Gemeten temperatuur',1,0,2),(75,'2022-05-25 13:39:44',26.75,'Gemeten temperatuur',1,0,2),(76,'2022-05-25 14:20:07',25.81,'Gemeten temperatuur',1,0,2),(77,'2022-05-25 14:25:03',25.81,'Gemeten temperatuur',1,0,2),(78,'2022-05-25 14:27:10',25.75,'Gemeten temperatuur',1,0,2),(79,'2022-05-25 14:27:35',25.75,'Gemeten temperatuur',1,0,2),(80,'2022-05-25 14:38:32',25.56,'Gemeten temperatuur',1,0,2),(81,'2022-05-25 14:38:44',25.56,'Gemeten temperatuur',1,0,2),(82,'2022-05-25 14:41:37',25.62,'Gemeten temperatuur',1,0,2),(83,'2022-05-25 14:41:49',25.62,'Gemeten temperatuur',1,0,2),(84,'2022-05-25 14:41:55',25.62,'Gemeten temperatuur',1,0,2),(85,'2022-05-25 14:42:07',25.62,'Gemeten temperatuur',1,0,2),(86,'2022-05-25 14:42:19',25.56,'Gemeten temperatuur',1,0,2),(87,'2022-05-25 14:42:33',25.62,'Gemeten temperatuur',1,0,2),(88,'2022-05-25 14:42:55',25.56,'Gemeten temperatuur',1,0,2),(89,'2022-05-25 15:32:27',25.38,'Gemeten temperatuur',1,0,2),(90,'2022-05-25 15:39:17',25.44,'Gemeten temperatuur',1,0,2),(91,'2022-05-25 15:42:27',25.38,'Gemeten temperatuur',1,0,2),(92,'2022-05-27 10:49:38',24.19,'Gemeten temperatuur',1,0,2),(93,'2022-05-27 10:49:51',24.12,'Gemeten temperatuur',1,0,2),(94,'2022-05-27 10:50:03',24.12,'Gemeten temperatuur',1,0,2),(95,'2022-05-27 10:50:16',24.06,'Gemeten temperatuur',1,0,2),(96,'2022-05-27 10:51:54',0,'Gemeten temperatuur',1,0,1),(97,'2022-05-27 10:52:07',0,'Gemeten temperatuur',1,0,1),(98,'2022-05-27 10:52:19',0,'Gemeten temperatuur',1,0,1),(99,'2022-05-27 10:52:48',0,'Gemeten temperatuur',1,0,1),(100,'2022-05-27 10:53:00',0,'Gemeten temperatuur',1,0,1),(101,'2022-05-27 10:53:13',28.56,'Gemeten temperatuur',1,0,2),(102,'2022-05-27 10:53:25',24.44,'Gemeten temperatuur',1,0,2),(103,'2022-05-27 10:53:38',23.69,'Gemeten temperatuur',1,0,2),(104,'2022-05-27 11:15:51',23.38,'Gemeten temperatuur',1,0,2),(105,'2022-05-27 11:15:51',1,'Gemeten kwaliteit waarde',2,0,2),(106,'2022-05-30 08:47:05',21.38,'Gemeten temperatuur',1,0,2),(107,'2022-05-30 08:47:05',1,'Gemeten kwaliteit waarde',2,0,2),(108,'2022-05-30 10:24:41',23.12,'Gemeten temperatuur',1,0,2),(109,'2022-05-30 10:24:41',1,'Gemeten kwaliteit waarde',2,0,2),(110,'2022-05-30 10:24:53',23.12,'Gemeten temperatuur',1,0,2),(111,'2022-05-30 10:24:53',1,'Gemeten kwaliteit waarde',2,0,2),(112,'2022-05-30 10:25:05',23.12,'Gemeten temperatuur',1,0,2),(113,'2022-05-30 10:25:05',1,'Gemeten kwaliteit waarde',2,0,2),(114,'2022-05-30 10:25:16',26.5,'Gemeten temperatuur',1,0,2),(115,'2022-05-30 10:25:16',1,'Gemeten kwaliteit waarde',2,0,2),(116,'2022-05-30 10:27:38',25,'Gemeten temperatuur',1,0,2),(117,'2022-05-30 10:27:38',1,'Gemeten kwaliteit waarde',2,0,2),(118,'2022-05-30 11:20:11',23.44,'Gemeten temperatuur',1,0,2),(119,'2022-05-30 11:20:11',1,'Gemeten kwaliteit waarde',2,0,2),(120,'2022-05-30 12:57:47',24.12,'Gemeten temperatuur',1,0,2),(121,'2022-05-30 12:57:47',1,'Gemeten kwaliteit waarde',2,0,2),(122,'2022-05-30 12:57:59',24.12,'Gemeten temperatuur',1,0,2),(123,'2022-05-30 12:57:59',1,'Gemeten kwaliteit waarde',2,0,2),(124,'2022-05-30 12:58:10',24.25,'Gemeten temperatuur',1,0,2),(125,'2022-05-30 12:58:10',1,'Gemeten kwaliteit waarde',2,0,2),(126,'2022-05-30 12:58:22',24.31,'Gemeten temperatuur',1,0,2),(127,'2022-05-30 12:58:22',1,'Gemeten kwaliteit waarde',2,0,2),(128,'2022-05-30 12:58:34',24.38,'Gemeten temperatuur',1,0,2),(129,'2022-05-30 12:58:34',1,'Gemeten kwaliteit waarde',2,0,2),(130,'2022-05-30 12:58:46',24.38,'Gemeten temperatuur',1,0,2),(131,'2022-05-30 12:58:46',1,'Gemeten kwaliteit waarde',2,0,2),(132,'2022-05-30 12:58:58',24.38,'Gemeten temperatuur',1,0,2),(133,'2022-05-30 12:58:58',1,'Gemeten kwaliteit waarde',2,0,2),(134,'2022-05-30 13:04:26',24.5,'Gemeten temperatuur',1,0,2),(135,'2022-05-30 13:04:26',1,'Gemeten kwaliteit waarde',2,0,2),(136,'2022-05-30 13:04:37',24.44,'Gemeten temperatuur',1,0,2),(137,'2022-05-30 13:04:37',1,'Gemeten kwaliteit waarde',2,0,2),(138,'2022-05-30 13:04:49',24.44,'Gemeten temperatuur',1,0,2),(139,'2022-05-30 13:04:49',1,'Gemeten kwaliteit waarde',2,0,2),(140,'2022-05-30 13:05:01',24.38,'Gemeten temperatuur',1,0,2),(141,'2022-05-30 13:05:01',1,'Gemeten kwaliteit waarde',2,0,2),(142,'2022-05-30 13:05:13',24.38,'Gemeten temperatuur',1,0,2),(143,'2022-05-30 13:05:13',1,'Gemeten kwaliteit waarde',2,0,2),(144,'2022-05-30 13:05:23',24.38,'Gemeten temperatuur',1,0,2),(145,'2022-05-30 13:05:23',1,'Gemeten kwaliteit waarde',2,0,2),(146,'2022-05-30 13:05:35',24.31,'Gemeten temperatuur',1,0,2),(147,'2022-05-30 13:05:35',1,'Gemeten kwaliteit waarde',2,0,2),(148,'2022-05-30 13:05:47',24.31,'Gemeten temperatuur',1,0,2),(149,'2022-05-30 13:05:47',1,'Gemeten kwaliteit waarde',2,0,2),(150,'2022-05-30 13:05:58',24.31,'Gemeten temperatuur',1,0,2),(151,'2022-05-30 13:05:58',1,'Gemeten kwaliteit waarde',2,0,2),(152,'2022-05-30 13:13:12',24,'Gemeten temperatuur',1,0,2),(153,'2022-05-30 13:13:12',1,'Gemeten kwaliteit waarde',2,0,2),(154,'2022-05-30 13:24:27',24,'Gemeten temperatuur',1,0,2),(155,'2022-05-30 13:24:27',1,'Gemeten kwaliteit waarde',2,0,2),(156,'2022-05-30 15:06:27',24.19,'Gemeten temperatuur',1,0,2),(157,'2022-05-30 15:06:27',1,'Gemeten kwaliteit waarde',2,0,2),(158,'2022-05-30 15:13:22',24.25,'Gemeten temperatuur',1,0,2),(159,'2022-05-30 15:13:22',1,'Gemeten kwaliteit waarde',2,0,2),(160,'2022-05-30 15:13:34',24.25,'Gemeten temperatuur',1,0,2),(161,'2022-05-30 15:13:34',1,'Gemeten kwaliteit waarde',2,0,2),(162,'2022-05-31 10:36:51',24.25,'Gemeten temperatuur',1,0,2),(163,'2022-05-31 10:36:51',1,'Gemeten kwaliteit waarde',2,0,2),(164,'2022-05-31 11:17:42',27.62,'Gemeten temperatuur',1,0,2),(165,'2022-05-31 11:17:42',1,'Gemeten kwaliteit waarde',2,0,2),(166,'2022-05-31 11:17:53',27.31,'Gemeten temperatuur',1,0,2),(167,'2022-05-31 11:17:53',0,'Gemeten kwaliteit waarde',2,0,2),(168,'2022-05-31 11:18:05',27.12,'Gemeten temperatuur',1,0,2),(169,'2022-05-31 11:18:05',0,'Gemeten kwaliteit waarde',2,0,2),(170,'2022-06-02 11:04:38',24.38,'Gemeten temperatuur',1,0,2),(171,'2022-06-02 11:04:38',1,'Gemeten kwaliteit waarde',2,0,2),(172,'2022-06-07 10:31:45',24.06,'Gemeten temperatuur',1,0,2),(173,'2022-06-07 10:31:45',2,'Gemeten kwaliteit waarde',2,0,2),(174,'2022-06-07 10:31:57',24.06,'Gemeten temperatuur',1,0,2),(175,'2022-06-07 10:31:57',2,'Gemeten kwaliteit waarde',2,0,2),(176,'2022-06-07 10:32:45',24.06,'Gemeten temperatuur',1,0,2),(177,'2022-06-07 10:32:45',2,'Gemeten kwaliteit waarde',2,0,2),(178,'2022-06-07 10:32:57',24.12,'Gemeten temperatuur',1,0,2),(179,'2022-06-07 10:32:57',2,'Gemeten kwaliteit waarde',2,0,2),(180,'2022-06-07 10:35:16',24.12,'Gemeten temperatuur',1,0,2),(181,'2022-06-07 10:35:16',2,'Gemeten kwaliteit waarde',2,0,2),(182,'2022-06-07 10:36:57',24.19,'Gemeten temperatuur',1,0,2),(183,'2022-06-07 10:36:57',2,'Gemeten kwaliteit waarde',2,0,2),(184,'2022-06-07 10:37:11',24.12,'Gemeten temperatuur',1,0,2),(185,'2022-06-07 10:37:11',2,'Gemeten kwaliteit waarde',2,0,2),(186,'2022-06-07 10:37:46',24.19,'Gemeten temperatuur',1,0,2),(187,'2022-06-07 10:37:46',2,'Gemeten kwaliteit waarde',2,0,2),(188,'2022-06-07 10:37:58',24.19,'Gemeten temperatuur',1,0,2),(189,'2022-06-07 10:37:58',2,'Gemeten kwaliteit waarde',2,0,2),(190,'2022-06-07 13:04:40',25.19,'Gemeten temperatuur',1,0,2),(191,'2022-06-07 13:04:40',2,'Gemeten kwaliteit waarde',2,0,2),(192,'2022-06-07 13:04:52',25.19,'Gemeten temperatuur',1,0,2),(193,'2022-06-07 13:04:52',2,'Gemeten kwaliteit waarde',2,0,2),(194,'2022-06-07 13:05:04',25.19,'Gemeten temperatuur',1,0,2),(195,'2022-06-07 13:05:04',2,'Gemeten kwaliteit waarde',2,0,2),(196,'2022-06-07 13:05:16',25.19,'Gemeten temperatuur',1,0,2),(197,'2022-06-07 13:05:16',2,'Gemeten kwaliteit waarde',2,0,2),(198,'2022-06-07 13:05:28',25.19,'Gemeten temperatuur',1,0,2),(199,'2022-06-07 13:05:28',2,'Gemeten kwaliteit waarde',2,0,2),(200,'2022-06-07 13:05:39',25.19,'Gemeten temperatuur',1,0,2),(201,'2022-06-07 13:05:39',2,'Gemeten kwaliteit waarde',2,0,2),(202,'2022-06-07 13:07:35',25.25,'Gemeten temperatuur',1,0,2),(203,'2022-06-07 13:07:35',2,'Gemeten kwaliteit waarde',2,0,2),(204,'2022-06-07 13:07:47',25.25,'Gemeten temperatuur',1,0,2),(205,'2022-06-07 13:07:47',2,'Gemeten kwaliteit waarde',2,0,2),(206,'2022-06-07 13:07:59',25.25,'Gemeten temperatuur',1,0,2),(207,'2022-06-07 13:07:59',3,'Gemeten kwaliteit waarde',2,0,2),(208,'2022-06-07 13:09:13',25.25,'Gemeten temperatuur',1,0,2),(209,'2022-06-07 13:09:13',3,'Gemeten kwaliteit waarde',2,0,2),(210,'2022-06-07 13:09:25',25.25,'Gemeten temperatuur',1,0,2),(211,'2022-06-07 13:09:25',3,'Gemeten kwaliteit waarde',2,0,2),(212,'2022-06-07 13:10:21',25.31,'Gemeten temperatuur',1,0,2),(213,'2022-06-07 13:10:21',3,'Gemeten kwaliteit waarde',2,0,2),(214,'2022-06-07 13:10:33',25.31,'Gemeten temperatuur',1,0,2),(215,'2022-06-07 13:10:33',3,'Gemeten kwaliteit waarde',2,0,2),(216,'2022-06-07 13:12:09',25.31,'Gemeten temperatuur',1,0,2),(217,'2022-06-07 13:12:09',4,'Gemeten kwaliteit waarde',2,0,2),(218,'2022-06-07 13:12:21',25.31,'Gemeten temperatuur',1,0,2),(219,'2022-06-07 13:12:21',4,'Gemeten kwaliteit waarde',2,0,2),(220,'2022-06-07 13:13:09',25.38,'Gemeten temperatuur',1,0,2),(221,'2022-06-07 13:13:09',4,'Gemeten kwaliteit waarde',2,0,2),(222,'2022-06-07 13:13:21',25.38,'Gemeten temperatuur',1,0,2),(223,'2022-06-07 13:13:21',4,'Gemeten kwaliteit waarde',2,0,2),(224,'2022-06-07 13:13:33',25.38,'Gemeten temperatuur',1,0,2),(225,'2022-06-07 13:13:33',4,'Gemeten kwaliteit waarde',2,0,2),(226,'2022-06-07 13:13:44',25.38,'Gemeten temperatuur',1,0,2),(227,'2022-06-07 13:13:44',4,'Gemeten kwaliteit waarde',2,0,2),(228,'2022-06-07 13:13:56',25.38,'Gemeten temperatuur',1,0,2),(229,'2022-06-07 13:13:56',4,'Gemeten kwaliteit waarde',2,0,2),(230,'2022-06-07 13:14:08',25.38,'Gemeten temperatuur',1,0,2),(231,'2022-06-07 13:14:08',4,'Gemeten kwaliteit waarde',2,0,2),(232,'2022-06-07 13:14:20',25.38,'Gemeten temperatuur',1,0,2),(233,'2022-06-07 13:14:20',4,'Gemeten kwaliteit waarde',2,0,2),(234,'2022-06-07 13:14:32',25.38,'Gemeten temperatuur',1,0,2),(235,'2022-06-07 13:14:32',4,'Gemeten kwaliteit waarde',2,0,2),(236,'2022-06-07 13:14:43',25.38,'Gemeten temperatuur',1,0,2),(237,'2022-06-07 13:14:43',4,'Gemeten kwaliteit waarde',2,0,2),(238,'2022-06-07 13:16:12',25.38,'Gemeten temperatuur',1,0,2),(239,'2022-06-07 13:16:12',4,'Gemeten kwaliteit waarde',2,0,2),(240,'2022-06-07 13:16:24',25.44,'Gemeten temperatuur',1,0,2),(241,'2022-06-07 13:16:24',4,'Gemeten kwaliteit waarde',2,0,2),(242,'2022-06-07 13:25:12',25.5,'Gemeten temperatuur',1,0,2),(243,'2022-06-07 13:25:12',3,'Gemeten kwaliteit waarde',2,0,2),(244,'2022-06-07 13:25:23',25.5,'Gemeten temperatuur',1,0,2),(245,'2022-06-07 13:25:23',3,'Gemeten kwaliteit waarde',2,0,2),(246,'2022-06-07 13:26:13',25.56,'Gemeten temperatuur',1,0,2),(247,'2022-06-07 13:26:13',3,'Gemeten kwaliteit waarde',2,0,2),(248,'2022-06-07 13:26:25',25.56,'Gemeten temperatuur',1,0,2),(249,'2022-06-07 13:26:25',3,'Gemeten kwaliteit waarde',2,0,2),(250,'2022-06-07 13:26:37',25.56,'Gemeten temperatuur',1,0,2),(251,'2022-06-07 13:26:37',3,'Gemeten kwaliteit waarde',2,0,2),(252,'2022-06-07 13:28:08',25.56,'Gemeten temperatuur',1,0,2),(253,'2022-06-07 13:28:08',1,'Gemeten kwaliteit waarde',2,0,2),(254,'2022-06-07 13:29:40',25.56,'Gemeten temperatuur',1,0,2),(255,'2022-06-07 13:29:40',1,'Gemeten kwaliteit waarde',2,0,2),(256,'2022-06-07 13:33:02',25.56,'Gemeten temperatuur',1,0,2),(257,'2022-06-07 13:33:02',1,'Gemeten kwaliteit waarde',2,0,2),(258,'2022-06-07 13:33:14',25.56,'Gemeten temperatuur',1,0,2),(259,'2022-06-07 13:33:14',1,'Gemeten kwaliteit waarde',2,0,2),(260,'2022-06-07 13:33:55',25.62,'Gemeten temperatuur',1,0,2),(261,'2022-06-07 13:33:55',1,'Gemeten kwaliteit waarde',2,0,2),(262,'2022-06-07 13:34:07',25.62,'Gemeten temperatuur',1,0,2),(263,'2022-06-07 13:34:07',1,'Gemeten kwaliteit waarde',2,0,2),(264,'2022-06-07 13:34:27',25.62,'Gemeten temperatuur',1,0,2),(265,'2022-06-07 13:34:27',1,'Gemeten kwaliteit waarde',2,0,2),(266,'2022-06-07 13:34:39',25.62,'Gemeten temperatuur',1,0,2),(267,'2022-06-07 13:34:39',1,'Gemeten kwaliteit waarde',2,0,2),(268,'2022-06-07 13:35:37',25.62,'Gemeten temperatuur',1,0,2),(269,'2022-06-07 13:35:37',1,'Gemeten kwaliteit waarde',2,0,2),(270,'2022-06-07 13:35:49',25.62,'Gemeten temperatuur',1,0,2),(271,'2022-06-07 13:35:49',1,'Gemeten kwaliteit waarde',2,0,2),(272,'2022-06-07 13:37:15',25.69,'Gemeten temperatuur',1,0,2),(273,'2022-06-07 13:37:15',1,'Gemeten kwaliteit waarde',2,0,2),(274,'2022-06-07 13:37:27',25.69,'Gemeten temperatuur',1,0,2),(275,'2022-06-07 13:37:27',1,'Gemeten kwaliteit waarde',2,0,2),(276,'2022-06-07 13:37:39',25.62,'Gemeten temperatuur',1,0,2),(277,'2022-06-07 13:37:39',1,'Gemeten kwaliteit waarde',2,0,2),(278,'2022-06-07 13:38:57',25.69,'Gemeten temperatuur',1,0,2),(279,'2022-06-07 13:38:57',1,'Gemeten kwaliteit waarde',2,0,2),(280,'2022-06-07 13:39:08',25.69,'Gemeten temperatuur',1,0,2),(281,'2022-06-07 13:39:08',1,'Gemeten kwaliteit waarde',2,0,2),(282,'2022-06-07 13:39:20',25.69,'Gemeten temperatuur',1,0,2),(283,'2022-06-07 13:39:20',2,'Gemeten kwaliteit waarde',2,0,2),(284,'2022-06-07 13:40:48',25.75,'Gemeten temperatuur',1,0,2),(285,'2022-06-07 13:40:48',1,'Gemeten kwaliteit waarde',2,0,2),(286,'2022-06-07 14:30:28',26.19,'Gemeten temperatuur',1,0,2),(287,'2022-06-07 14:30:28',5,'Gemeten kwaliteit waarde',2,0,2),(288,'2022-06-07 14:30:40',26.19,'Gemeten temperatuur',1,0,2),(289,'2022-06-07 14:30:40',5,'Gemeten kwaliteit waarde',2,0,2),(290,'2022-06-07 14:37:38',26.12,'Gemeten temperatuur',1,0,2),(291,'2022-06-07 14:37:38',2,'Gemeten kwaliteit waarde',2,0,2),(292,'2022-06-07 14:41:51',26.19,'Gemeten temperatuur',1,0,2),(293,'2022-06-07 14:41:51',2,'Gemeten kwaliteit waarde',2,0,2),(294,'2022-06-07 14:42:03',26.19,'Gemeten temperatuur',1,0,2),(295,'2022-06-07 14:42:03',2,'Gemeten kwaliteit waarde',2,0,2),(296,'2022-06-07 14:43:13',26.19,'Gemeten temperatuur',1,0,2),(297,'2022-06-07 14:43:13',2,'Gemeten kwaliteit waarde',2,0,2),(298,'2022-06-07 14:43:25',26.19,'Gemeten temperatuur',1,0,2),(299,'2022-06-07 14:43:25',2,'Gemeten kwaliteit waarde',2,0,2),(300,'2022-06-07 14:43:37',26.19,'Gemeten temperatuur',1,0,2),(301,'2022-06-07 14:43:37',2,'Gemeten kwaliteit waarde',2,0,2),(302,'2022-06-07 14:43:48',26.19,'Gemeten temperatuur',1,0,2),(303,'2022-06-07 14:43:48',2,'Gemeten kwaliteit waarde',2,0,2),(304,'2022-06-07 14:44:00',26.19,'Gemeten temperatuur',1,0,2),(305,'2022-06-07 14:44:00',2,'Gemeten kwaliteit waarde',2,0,2),(306,'2022-06-07 14:46:09',26.19,'Gemeten temperatuur',1,0,2),(307,'2022-06-07 14:46:09',2,'Gemeten kwaliteit waarde',2,0,2),(308,'2022-06-07 14:46:48',26.19,'Gemeten temperatuur',1,0,2),(309,'2022-06-07 14:46:48',1,'Gemeten kwaliteit waarde',2,0,2),(310,'2022-06-07 14:47:00',26.19,'Gemeten temperatuur',1,0,2),(311,'2022-06-07 14:47:00',1,'Gemeten kwaliteit waarde',2,0,2),(312,'2022-06-07 14:47:12',26.19,'Gemeten temperatuur',1,0,2),(313,'2022-06-07 14:47:12',1,'Gemeten kwaliteit waarde',2,0,2),(314,'2022-06-07 14:47:23',26.19,'Gemeten temperatuur',1,0,2),(315,'2022-06-07 14:47:23',1,'Gemeten kwaliteit waarde',2,0,2),(316,'2022-06-07 14:47:35',26.19,'Gemeten temperatuur',1,0,2),(317,'2022-06-07 14:47:35',1,'Gemeten kwaliteit waarde',2,0,2),(318,'2022-06-07 14:47:47',26.19,'Gemeten temperatuur',1,0,2),(319,'2022-06-07 14:47:47',1,'Gemeten kwaliteit waarde',2,0,2),(320,'2022-06-07 14:47:59',26.19,'Gemeten temperatuur',1,0,2),(321,'2022-06-07 14:47:59',1,'Gemeten kwaliteit waarde',2,0,2),(322,'2022-06-07 14:48:11',26.25,'Gemeten temperatuur',1,0,2),(323,'2022-06-07 14:48:11',1,'Gemeten kwaliteit waarde',2,0,2),(324,'2022-06-07 14:48:22',26.19,'Gemeten temperatuur',1,0,2),(325,'2022-06-07 14:48:22',1,'Gemeten kwaliteit waarde',2,0,2),(326,'2022-06-07 14:48:34',26.25,'Gemeten temperatuur',1,0,2),(327,'2022-06-07 14:48:34',1,'Gemeten kwaliteit waarde',2,0,2),(328,'2022-06-07 15:10:51',25.38,'Gemeten temperatuur',1,0,2),(329,'2022-06-07 15:10:51',2,'Gemeten kwaliteit waarde',2,0,2),(330,'2022-06-07 15:11:03',25.38,'Gemeten temperatuur',1,0,2),(331,'2022-06-07 15:11:03',2,'Gemeten kwaliteit waarde',2,0,2),(332,'2022-06-07 15:11:15',25.38,'Gemeten temperatuur',1,0,2),(333,'2022-06-07 15:11:15',2,'Gemeten kwaliteit waarde',2,0,2),(334,'2022-06-07 15:11:27',25.38,'Gemeten temperatuur',1,0,2),(335,'2022-06-07 15:11:27',1,'Gemeten kwaliteit waarde',2,0,2),(336,'2022-06-07 15:11:38',25.38,'Gemeten temperatuur',1,0,2),(337,'2022-06-07 15:11:38',2,'Gemeten kwaliteit waarde',2,0,2),(338,'2022-06-07 15:11:50',25.38,'Gemeten temperatuur',1,0,2),(339,'2022-06-07 15:11:50',2,'Gemeten kwaliteit waarde',2,0,2),(340,'2022-06-07 15:12:02',25.44,'Gemeten temperatuur',1,0,2),(341,'2022-06-07 15:12:02',2,'Gemeten kwaliteit waarde',2,0,2),(342,'2022-06-07 15:12:14',25.44,'Gemeten temperatuur',1,0,2),(343,'2022-06-07 15:12:14',2,'Gemeten kwaliteit waarde',2,0,2),(344,'2022-06-07 15:12:26',25.44,'Gemeten temperatuur',1,0,2),(345,'2022-06-07 15:12:26',2,'Gemeten kwaliteit waarde',2,0,2),(346,'2022-06-07 15:12:37',25.44,'Gemeten temperatuur',1,0,2),(347,'2022-06-07 15:12:37',1,'Gemeten kwaliteit waarde',2,0,2),(348,'2022-06-07 15:12:49',25.44,'Gemeten temperatuur',1,0,2),(349,'2022-06-07 15:12:49',1,'Gemeten kwaliteit waarde',2,0,2),(350,'2022-06-07 15:13:01',25.44,'Gemeten temperatuur',1,0,2),(351,'2022-06-07 15:13:01',1,'Gemeten kwaliteit waarde',2,0,2),(352,'2022-06-07 15:13:13',25.44,'Gemeten temperatuur',1,0,2),(353,'2022-06-07 15:13:13',2,'Gemeten kwaliteit waarde',2,0,2),(354,'2022-06-07 15:13:25',25.44,'Gemeten temperatuur',1,0,2),(355,'2022-06-07 15:13:25',1,'Gemeten kwaliteit waarde',2,0,2),(356,'2022-06-07 15:13:36',25.44,'Gemeten temperatuur',1,0,2),(357,'2022-06-07 15:13:36',1,'Gemeten kwaliteit waarde',2,0,2),(358,'2022-06-07 15:13:48',25.44,'Gemeten temperatuur',1,0,2),(359,'2022-06-07 15:13:48',2,'Gemeten kwaliteit waarde',2,0,2),(360,'2022-06-07 15:14:00',25.44,'Gemeten temperatuur',1,0,2),(361,'2022-06-07 15:14:00',2,'Gemeten kwaliteit waarde',2,0,2),(362,'2022-06-07 15:14:12',25.44,'Gemeten temperatuur',1,0,2),(363,'2022-06-07 15:14:12',1,'Gemeten kwaliteit waarde',2,0,2),(364,'2022-06-07 15:14:24',25.44,'Gemeten temperatuur',1,0,2),(365,'2022-06-07 15:14:24',1,'Gemeten kwaliteit waarde',2,0,2),(366,'2022-06-07 15:14:35',25.38,'Gemeten temperatuur',1,0,2),(367,'2022-06-07 15:14:35',1,'Gemeten kwaliteit waarde',2,0,2),(368,'2022-06-07 15:14:47',25.38,'Gemeten temperatuur',1,0,2),(369,'2022-06-07 15:14:47',3,'Gemeten kwaliteit waarde',2,0,2),(370,'2022-06-07 15:14:59',25.31,'Gemeten temperatuur',1,0,2),(371,'2022-06-07 15:14:59',3,'Gemeten kwaliteit waarde',2,0,2),(372,'2022-06-07 15:15:11',25.31,'Gemeten temperatuur',1,0,2),(373,'2022-06-07 15:15:11',3,'Gemeten kwaliteit waarde',2,0,2),(374,'2022-06-07 15:18:45',25.38,'Gemeten temperatuur',1,0,2),(375,'2022-06-07 15:18:45',1,'Gemeten kwaliteit waarde',2,0,2),(376,'2022-06-07 15:18:57',25.38,'Gemeten temperatuur',1,0,2),(377,'2022-06-07 15:18:57',2,'Gemeten kwaliteit waarde',2,0,2),(378,'2022-06-07 15:19:09',25.38,'Gemeten temperatuur',1,0,2),(379,'2022-06-07 15:19:09',1,'Gemeten kwaliteit waarde',2,0,2),(380,'2022-06-07 15:19:20',25.44,'Gemeten temperatuur',1,0,2),(381,'2022-06-07 15:19:20',1,'Gemeten kwaliteit waarde',2,0,2),(382,'2022-06-07 15:19:32',25.44,'Gemeten temperatuur',1,0,2),(383,'2022-06-07 15:19:32',1,'Gemeten kwaliteit waarde',2,0,2),(384,'2022-06-07 15:19:44',25.44,'Gemeten temperatuur',1,0,2),(385,'2022-06-07 15:19:44',1,'Gemeten kwaliteit waarde',2,0,2),(386,'2022-06-07 15:19:56',25.5,'Gemeten temperatuur',1,0,2),(387,'2022-06-07 15:19:56',1,'Gemeten kwaliteit waarde',2,0,2),(388,'2022-06-07 15:20:08',25.5,'Gemeten temperatuur',1,0,2),(389,'2022-06-07 15:20:08',1,'Gemeten kwaliteit waarde',2,0,2),(390,'2022-06-07 15:20:19',25.5,'Gemeten temperatuur',1,0,2),(391,'2022-06-07 15:20:19',1,'Gemeten kwaliteit waarde',2,0,2),(392,'2022-06-07 15:20:31',25.5,'Gemeten temperatuur',1,0,2),(393,'2022-06-07 15:20:31',1,'Gemeten kwaliteit waarde',2,0,2),(394,'2022-06-07 15:20:43',25.5,'Gemeten temperatuur',1,0,2),(395,'2022-06-07 15:20:43',1,'Gemeten kwaliteit waarde',2,0,2),(396,'2022-06-07 15:20:55',25.5,'Gemeten temperatuur',1,0,2),(397,'2022-06-07 15:20:55',1,'Gemeten kwaliteit waarde',2,0,2),(398,'2022-06-07 15:21:07',25.5,'Gemeten temperatuur',1,0,2),(399,'2022-06-07 15:21:07',1,'Gemeten kwaliteit waarde',2,0,2),(400,'2022-06-07 15:21:18',25.5,'Gemeten temperatuur',1,0,2),(401,'2022-06-07 15:21:18',1,'Gemeten kwaliteit waarde',2,0,2),(402,'2022-06-07 15:21:30',25.5,'Gemeten temperatuur',1,0,2),(403,'2022-06-07 15:21:30',1,'Gemeten kwaliteit waarde',2,0,2),(404,'2022-06-07 15:21:42',25.5,'Gemeten temperatuur',1,0,2),(405,'2022-06-07 15:21:42',1,'Gemeten kwaliteit waarde',2,0,2),(406,'2022-06-07 15:21:54',25.56,'Gemeten temperatuur',1,0,2),(407,'2022-06-07 15:21:54',1,'Gemeten kwaliteit waarde',2,0,2),(408,'2022-06-07 15:22:05',25.5,'Gemeten temperatuur',1,0,2),(409,'2022-06-07 15:22:05',1,'Gemeten kwaliteit waarde',2,0,2),(410,'2022-06-07 15:22:17',25.56,'Gemeten temperatuur',1,0,2),(411,'2022-06-07 15:22:17',1,'Gemeten kwaliteit waarde',2,0,2),(412,'2022-06-07 15:22:29',25.5,'Gemeten temperatuur',1,0,2),(413,'2022-06-07 15:22:29',1,'Gemeten kwaliteit waarde',2,0,2),(414,'2022-06-07 15:22:41',25.5,'Gemeten temperatuur',1,0,2),(415,'2022-06-07 15:22:41',1,'Gemeten kwaliteit waarde',2,0,2),(416,'2022-06-07 15:22:52',25.5,'Gemeten temperatuur',1,0,2),(417,'2022-06-07 15:22:52',1,'Gemeten kwaliteit waarde',2,0,2),(418,'2022-06-07 15:23:04',25.5,'Gemeten temperatuur',1,0,2),(419,'2022-06-07 15:23:04',1,'Gemeten kwaliteit waarde',2,0,2),(420,'2022-06-07 15:23:16',25.44,'Gemeten temperatuur',1,0,2),(421,'2022-06-07 15:23:16',1,'Gemeten kwaliteit waarde',2,0,2),(422,'2022-06-07 15:23:28',25.44,'Gemeten temperatuur',1,0,2),(423,'2022-06-07 15:23:28',1,'Gemeten kwaliteit waarde',2,0,2),(424,'2022-06-07 15:23:39',25.44,'Gemeten temperatuur',1,0,2),(425,'2022-06-07 15:23:39',1,'Gemeten kwaliteit waarde',2,0,2),(426,'2022-06-07 15:23:51',25.44,'Gemeten temperatuur',1,0,2),(427,'2022-06-07 15:23:51',1,'Gemeten kwaliteit waarde',2,0,2),(428,'2022-06-07 15:24:03',25.44,'Gemeten temperatuur',1,0,2),(429,'2022-06-07 15:24:03',1,'Gemeten kwaliteit waarde',2,0,2),(430,'2022-06-07 15:24:15',25.44,'Gemeten temperatuur',1,0,2),(431,'2022-06-07 15:24:15',1,'Gemeten kwaliteit waarde',2,0,2),(432,'2022-06-07 15:24:27',25.44,'Gemeten temperatuur',1,0,2),(433,'2022-06-07 15:24:27',1,'Gemeten kwaliteit waarde',2,0,2),(434,'2022-06-07 15:24:38',25.44,'Gemeten temperatuur',1,0,2),(435,'2022-06-07 15:24:38',1,'Gemeten kwaliteit waarde',2,0,2),(436,'2022-06-07 15:24:50',25.44,'Gemeten temperatuur',1,0,2),(437,'2022-06-07 15:24:50',1,'Gemeten kwaliteit waarde',2,0,2),(438,'2022-06-07 15:25:02',25.44,'Gemeten temperatuur',1,0,2),(439,'2022-06-07 15:25:02',1,'Gemeten kwaliteit waarde',2,0,2),(440,'2022-06-07 15:25:14',25.44,'Gemeten temperatuur',1,0,2),(441,'2022-06-07 15:25:14',1,'Gemeten kwaliteit waarde',2,0,2),(442,'2022-06-07 15:25:25',25.44,'Gemeten temperatuur',1,0,2),(443,'2022-06-07 15:25:25',1,'Gemeten kwaliteit waarde',2,0,2),(444,'2022-06-07 15:25:37',25.44,'Gemeten temperatuur',1,0,2),(445,'2022-06-07 15:25:37',1,'Gemeten kwaliteit waarde',2,0,2),(446,'2022-06-07 15:25:49',25.44,'Gemeten temperatuur',1,0,2),(447,'2022-06-07 15:25:49',1,'Gemeten kwaliteit waarde',2,0,2),(448,'2022-06-07 15:26:01',25.44,'Gemeten temperatuur',1,0,2),(449,'2022-06-07 15:26:01',1,'Gemeten kwaliteit waarde',2,0,2),(450,'2022-06-07 15:26:13',25.38,'Gemeten temperatuur',1,0,2),(451,'2022-06-07 15:26:13',1,'Gemeten kwaliteit waarde',2,0,2),(452,'2022-06-07 15:26:24',25.38,'Gemeten temperatuur',1,0,2),(453,'2022-06-07 15:26:24',1,'Gemeten kwaliteit waarde',2,0,2),(454,'2022-06-07 15:26:36',25.38,'Gemeten temperatuur',1,0,2),(455,'2022-06-07 15:26:36',1,'Gemeten kwaliteit waarde',2,0,2),(456,'2022-06-07 15:26:48',25.38,'Gemeten temperatuur',1,0,2),(457,'2022-06-07 15:26:48',1,'Gemeten kwaliteit waarde',2,0,2),(458,'2022-06-07 15:27:00',25.38,'Gemeten temperatuur',1,0,2),(459,'2022-06-07 15:27:00',1,'Gemeten kwaliteit waarde',2,0,2),(460,'2022-06-07 15:27:11',25.38,'Gemeten temperatuur',1,0,2),(461,'2022-06-07 15:27:11',1,'Gemeten kwaliteit waarde',2,0,2),(462,'2022-06-07 15:27:23',25.38,'Gemeten temperatuur',1,0,2),(463,'2022-06-07 15:27:23',1,'Gemeten kwaliteit waarde',2,0,2),(464,'2022-06-07 15:27:35',25.38,'Gemeten temperatuur',1,0,2),(465,'2022-06-07 15:27:35',1,'Gemeten kwaliteit waarde',2,0,2),(466,'2022-06-07 15:27:47',25.38,'Gemeten temperatuur',1,0,2),(467,'2022-06-07 15:27:47',1,'Gemeten kwaliteit waarde',2,0,2),(468,'2022-06-07 15:27:59',25.38,'Gemeten temperatuur',1,0,2),(469,'2022-06-07 15:27:59',1,'Gemeten kwaliteit waarde',2,0,2),(470,'2022-06-07 15:28:10',25.38,'Gemeten temperatuur',1,0,2),(471,'2022-06-07 15:28:10',1,'Gemeten kwaliteit waarde',2,0,2),(472,'2022-06-07 15:28:22',25.38,'Gemeten temperatuur',1,0,2),(473,'2022-06-07 15:28:22',1,'Gemeten kwaliteit waarde',2,0,2),(474,'2022-06-07 15:28:34',25.38,'Gemeten temperatuur',1,0,2),(475,'2022-06-07 15:28:34',1,'Gemeten kwaliteit waarde',2,0,2),(476,'2022-06-07 15:28:46',25.38,'Gemeten temperatuur',1,0,2),(477,'2022-06-07 15:28:46',1,'Gemeten kwaliteit waarde',2,0,2),(478,'2022-06-07 15:28:58',25.31,'Gemeten temperatuur',1,0,2),(479,'2022-06-07 15:28:58',1,'Gemeten kwaliteit waarde',2,0,2),(480,'2022-06-07 15:29:09',25.38,'Gemeten temperatuur',1,0,2),(481,'2022-06-07 15:29:09',1,'Gemeten kwaliteit waarde',2,0,2),(482,'2022-06-07 15:29:21',25.38,'Gemeten temperatuur',1,0,2),(483,'2022-06-07 15:29:21',1,'Gemeten kwaliteit waarde',2,0,2),(484,'2022-06-07 15:29:33',25.38,'Gemeten temperatuur',1,0,2),(485,'2022-06-07 15:29:33',1,'Gemeten kwaliteit waarde',2,0,2),(486,'2022-06-07 15:29:45',25.38,'Gemeten temperatuur',1,0,2),(487,'2022-06-07 15:29:45',1,'Gemeten kwaliteit waarde',2,0,2),(488,'2022-06-07 15:29:56',25.38,'Gemeten temperatuur',1,0,2),(489,'2022-06-07 15:29:56',1,'Gemeten kwaliteit waarde',2,0,2),(490,'2022-06-07 15:30:08',25.38,'Gemeten temperatuur',1,0,2),(491,'2022-06-07 15:30:08',1,'Gemeten kwaliteit waarde',2,0,2),(492,'2022-06-07 15:30:20',25.31,'Gemeten temperatuur',1,0,2),(493,'2022-06-07 15:30:20',1,'Gemeten kwaliteit waarde',2,0,2),(494,'2022-06-07 15:30:32',25.31,'Gemeten temperatuur',1,0,2),(495,'2022-06-07 15:30:32',1,'Gemeten kwaliteit waarde',2,0,2),(496,'2022-06-07 15:30:43',25.31,'Gemeten temperatuur',1,0,2),(497,'2022-06-07 15:30:43',1,'Gemeten kwaliteit waarde',2,0,2),(498,'2022-06-07 15:30:55',25.31,'Gemeten temperatuur',1,0,2),(499,'2022-06-07 15:30:55',1,'Gemeten kwaliteit waarde',2,0,2),(500,'2022-06-07 15:31:07',25.31,'Gemeten temperatuur',1,0,2),(501,'2022-06-07 15:31:07',1,'Gemeten kwaliteit waarde',2,0,2),(502,'2022-06-07 15:31:19',25.25,'Gemeten temperatuur',1,0,2),(503,'2022-06-07 15:31:19',1,'Gemeten kwaliteit waarde',2,0,2),(504,'2022-06-07 15:31:31',25.25,'Gemeten temperatuur',1,0,2),(505,'2022-06-07 15:31:31',1,'Gemeten kwaliteit waarde',2,0,2),(506,'2022-06-07 15:31:42',25.25,'Gemeten temperatuur',1,0,2),(507,'2022-06-07 15:31:42',1,'Gemeten kwaliteit waarde',2,0,2),(508,'2022-06-07 15:31:54',25.19,'Gemeten temperatuur',1,0,2),(509,'2022-06-07 15:31:54',1,'Gemeten kwaliteit waarde',2,0,2),(510,'2022-06-07 15:32:03',25.19,'Gemeten temperatuur',1,0,2),(511,'2022-06-07 15:32:03',1,'Gemeten kwaliteit waarde',2,0,2),(512,'2022-06-07 15:32:15',25.12,'Gemeten temperatuur',1,0,2),(513,'2022-06-07 15:32:15',1,'Gemeten kwaliteit waarde',2,0,2),(514,'2022-06-07 15:32:27',25.12,'Gemeten temperatuur',1,0,2),(515,'2022-06-07 15:32:27',1,'Gemeten kwaliteit waarde',2,0,2),(516,'2022-06-07 15:32:39',25.12,'Gemeten temperatuur',1,0,2),(517,'2022-06-07 15:32:39',1,'Gemeten kwaliteit waarde',2,0,2),(518,'2022-06-07 15:32:50',25.12,'Gemeten temperatuur',1,0,2),(519,'2022-06-07 15:32:50',1,'Gemeten kwaliteit waarde',2,0,2),(520,'2022-06-07 15:33:02',25.12,'Gemeten temperatuur',1,0,2),(521,'2022-06-07 15:33:02',1,'Gemeten kwaliteit waarde',2,0,2),(522,'2022-06-07 15:33:14',25.12,'Gemeten temperatuur',1,0,2),(523,'2022-06-07 15:33:14',1,'Gemeten kwaliteit waarde',2,0,2),(524,'2022-06-07 15:33:26',25.19,'Gemeten temperatuur',1,0,2),(525,'2022-06-07 15:33:26',1,'Gemeten kwaliteit waarde',2,0,2),(526,'2022-06-07 15:33:37',25.19,'Gemeten temperatuur',1,0,2),(527,'2022-06-07 15:33:37',1,'Gemeten kwaliteit waarde',2,0,2),(528,'2022-06-07 15:33:49',25.19,'Gemeten temperatuur',1,0,2),(529,'2022-06-07 15:33:49',1,'Gemeten kwaliteit waarde',2,0,2),(530,'2022-06-07 15:36:32',25.19,'Gemeten temperatuur',1,0,2),(531,'2022-06-07 15:36:32',1,'Gemeten kwaliteit waarde',2,0,2),(532,'2022-06-07 15:36:44',25.19,'Gemeten temperatuur',1,0,2),(533,'2022-06-07 15:36:44',1,'Gemeten kwaliteit waarde',2,0,2),(534,'2022-06-07 15:36:56',25.19,'Gemeten temperatuur',1,0,2),(535,'2022-06-07 15:36:56',1,'Gemeten kwaliteit waarde',2,0,2),(536,'2022-06-07 15:37:07',25.19,'Gemeten temperatuur',1,0,2),(537,'2022-06-07 15:37:07',1,'Gemeten kwaliteit waarde',2,0,2),(538,'2022-06-07 15:37:19',25.19,'Gemeten temperatuur',1,0,2),(539,'2022-06-07 15:37:19',1,'Gemeten kwaliteit waarde',2,0,2),(540,'2022-06-07 15:37:31',25.25,'Gemeten temperatuur',1,0,2),(541,'2022-06-07 15:37:31',1,'Gemeten kwaliteit waarde',2,0,2),(542,'2022-06-07 15:37:43',25.25,'Gemeten temperatuur',1,0,2),(543,'2022-06-07 15:37:43',1,'Gemeten kwaliteit waarde',2,0,2),(544,'2022-06-07 15:37:54',25.25,'Gemeten temperatuur',1,0,2),(545,'2022-06-07 15:37:54',1,'Gemeten kwaliteit waarde',2,0,2),(546,'2022-06-07 15:38:06',25.19,'Gemeten temperatuur',1,0,2),(547,'2022-06-07 15:38:06',1,'Gemeten kwaliteit waarde',2,0,2),(548,'2022-06-07 15:38:18',25.19,'Gemeten temperatuur',1,0,2),(549,'2022-06-07 15:38:18',1,'Gemeten kwaliteit waarde',2,0,2),(550,'2022-06-07 15:38:30',25.19,'Gemeten temperatuur',1,0,2),(551,'2022-06-07 15:38:30',1,'Gemeten kwaliteit waarde',2,0,2),(552,'2022-06-07 15:38:42',25.25,'Gemeten temperatuur',1,0,2),(553,'2022-06-07 15:38:42',1,'Gemeten kwaliteit waarde',2,0,2),(554,'2022-06-07 15:38:53',25.25,'Gemeten temperatuur',1,0,2),(555,'2022-06-07 15:38:53',1,'Gemeten kwaliteit waarde',2,0,2),(556,'2022-06-07 15:39:05',25.25,'Gemeten temperatuur',1,0,2),(557,'2022-06-07 15:39:05',1,'Gemeten kwaliteit waarde',2,0,2),(558,'2022-06-07 15:39:17',25.25,'Gemeten temperatuur',1,0,2),(559,'2022-06-07 15:39:17',1,'Gemeten kwaliteit waarde',2,0,2),(560,'2022-06-07 15:39:29',25.25,'Gemeten temperatuur',1,0,2),(561,'2022-06-07 15:39:29',1,'Gemeten kwaliteit waarde',2,0,2),(562,'2022-06-07 15:39:41',25.25,'Gemeten temperatuur',1,0,2),(563,'2022-06-07 15:39:41',1,'Gemeten kwaliteit waarde',2,0,2),(564,'2022-06-07 15:39:52',25.25,'Gemeten temperatuur',1,0,2),(565,'2022-06-07 15:39:52',1,'Gemeten kwaliteit waarde',2,0,2),(566,'2022-06-07 15:40:04',25.25,'Gemeten temperatuur',1,0,2),(567,'2022-06-07 15:40:04',1,'Gemeten kwaliteit waarde',2,0,2),(568,'2022-06-07 15:40:16',25.25,'Gemeten temperatuur',1,0,2),(569,'2022-06-07 15:40:16',1,'Gemeten kwaliteit waarde',2,0,2),(570,'2022-06-07 15:40:28',25.25,'Gemeten temperatuur',1,0,2),(571,'2022-06-07 15:40:28',1,'Gemeten kwaliteit waarde',2,0,2),(572,'2022-06-07 15:40:40',25.25,'Gemeten temperatuur',1,0,2),(573,'2022-06-07 15:40:40',1,'Gemeten kwaliteit waarde',2,0,2),(574,'2022-06-07 15:40:51',25.25,'Gemeten temperatuur',1,0,2),(575,'2022-06-07 15:40:51',1,'Gemeten kwaliteit waarde',2,0,2),(576,'2022-06-07 15:41:03',25.25,'Gemeten temperatuur',1,0,2),(577,'2022-06-07 15:41:03',1,'Gemeten kwaliteit waarde',2,0,2),(578,'2022-06-07 15:41:15',25.25,'Gemeten temperatuur',1,0,2),(579,'2022-06-07 15:41:15',1,'Gemeten kwaliteit waarde',2,0,2),(580,'2022-06-07 15:41:27',25.25,'Gemeten temperatuur',1,0,2),(581,'2022-06-07 15:41:27',1,'Gemeten kwaliteit waarde',2,0,2),(582,'2022-06-07 15:41:38',25.25,'Gemeten temperatuur',1,0,2),(583,'2022-06-07 15:41:38',1,'Gemeten kwaliteit waarde',2,0,2),(584,'2022-06-07 15:41:50',25.25,'Gemeten temperatuur',1,0,2),(585,'2022-06-07 15:41:50',1,'Gemeten kwaliteit waarde',2,0,2),(586,'2022-06-07 15:42:02',25.19,'Gemeten temperatuur',1,0,2),(587,'2022-06-07 15:42:02',1,'Gemeten kwaliteit waarde',2,0,2),(588,'2022-06-07 15:42:14',25.19,'Gemeten temperatuur',1,0,2),(589,'2022-06-07 15:42:14',1,'Gemeten kwaliteit waarde',2,0,2),(590,'2022-06-07 15:42:26',25.19,'Gemeten temperatuur',1,0,2),(591,'2022-06-07 15:42:26',1,'Gemeten kwaliteit waarde',2,0,2),(592,'2022-06-07 15:54:16',25,'Gemeten temperatuur',1,0,2),(593,'2022-06-07 15:54:16',1,'Gemeten kwaliteit waarde',2,0,2),(594,'2022-06-07 15:54:27',25.06,'Gemeten temperatuur',1,0,2),(595,'2022-06-07 15:54:27',1,'Gemeten kwaliteit waarde',2,0,2),(596,'2022-06-07 15:54:39',25.06,'Gemeten temperatuur',1,0,2),(597,'2022-06-07 15:54:39',2,'Gemeten kwaliteit waarde',2,0,2),(598,'2022-06-07 15:54:51',25.06,'Gemeten temperatuur',1,0,2),(599,'2022-06-07 15:54:51',1,'Gemeten kwaliteit waarde',2,0,2),(600,'2022-06-07 15:55:03',25.06,'Gemeten temperatuur',1,0,2),(601,'2022-06-07 15:55:03',1,'Gemeten kwaliteit waarde',2,0,2),(602,'2022-06-07 15:55:15',25.06,'Gemeten temperatuur',1,0,2),(603,'2022-06-07 15:55:15',2,'Gemeten kwaliteit waarde',2,0,2),(604,'2022-06-07 15:55:27',25.06,'Gemeten temperatuur',1,0,2),(605,'2022-06-07 15:55:27',1,'Gemeten kwaliteit waarde',2,0,2),(606,'2022-06-07 15:55:38',25.06,'Gemeten temperatuur',1,0,2),(607,'2022-06-07 15:55:38',1,'Gemeten kwaliteit waarde',2,0,2),(608,'2022-06-07 15:55:50',25.06,'Gemeten temperatuur',1,0,2),(609,'2022-06-07 15:55:50',1,'Gemeten kwaliteit waarde',2,0,2),(610,'2022-06-07 15:56:02',25.06,'Gemeten temperatuur',1,0,2),(611,'2022-06-07 15:56:02',1,'Gemeten kwaliteit waarde',2,0,2),(612,'2022-06-07 15:56:14',25.06,'Gemeten temperatuur',1,0,2),(613,'2022-06-07 15:56:14',1,'Gemeten kwaliteit waarde',2,0,2),(614,'2022-06-07 15:56:26',25.06,'Gemeten temperatuur',1,0,2),(615,'2022-06-07 15:56:26',1,'Gemeten kwaliteit waarde',2,0,2),(616,'2022-06-07 15:56:37',25.06,'Gemeten temperatuur',1,0,2),(617,'2022-06-07 15:56:37',1,'Gemeten kwaliteit waarde',2,0,2),(618,'2022-06-07 15:56:49',25.06,'Gemeten temperatuur',1,0,2),(619,'2022-06-07 15:56:49',1,'Gemeten kwaliteit waarde',2,0,2),(620,'2022-06-07 15:57:01',25.06,'Gemeten temperatuur',1,0,2),(621,'2022-06-07 15:57:01',1,'Gemeten kwaliteit waarde',2,0,2),(622,'2022-06-07 15:57:13',25,'Gemeten temperatuur',1,0,2),(623,'2022-06-07 15:57:13',1,'Gemeten kwaliteit waarde',2,0,2),(624,'2022-06-07 15:57:25',25,'Gemeten temperatuur',1,0,2),(625,'2022-06-07 15:57:25',2,'Gemeten kwaliteit waarde',2,0,2),(626,'2022-06-07 15:57:36',25,'Gemeten temperatuur',1,0,2),(627,'2022-06-07 15:57:36',2,'Gemeten kwaliteit waarde',2,0,2),(628,'2022-06-07 15:57:48',25,'Gemeten temperatuur',1,0,2),(629,'2022-06-07 15:57:48',2,'Gemeten kwaliteit waarde',2,0,2),(630,'2022-06-07 15:58:00',25,'Gemeten temperatuur',1,0,2),(631,'2022-06-07 15:58:00',2,'Gemeten kwaliteit waarde',2,0,2),(632,'2022-06-07 15:58:12',25,'Gemeten temperatuur',1,0,2),(633,'2022-06-07 15:58:12',2,'Gemeten kwaliteit waarde',2,0,2),(634,'2022-06-07 15:58:24',25,'Gemeten temperatuur',1,0,2),(635,'2022-06-07 15:58:24',2,'Gemeten kwaliteit waarde',2,0,2),(636,'2022-06-07 15:58:35',25,'Gemeten temperatuur',1,0,2),(637,'2022-06-07 15:58:35',2,'Gemeten kwaliteit waarde',2,0,2),(638,'2022-06-07 15:58:47',25,'Gemeten temperatuur',1,0,2),(639,'2022-06-07 15:58:47',1,'Gemeten kwaliteit waarde',2,0,2),(640,'2022-06-07 15:58:59',24.94,'Gemeten temperatuur',1,0,2),(641,'2022-06-07 15:58:59',1,'Gemeten kwaliteit waarde',2,0,2),(642,'2022-06-07 15:59:11',25,'Gemeten temperatuur',1,0,2),(643,'2022-06-07 15:59:11',1,'Gemeten kwaliteit waarde',2,0,2),(644,'2022-06-07 15:59:23',24.94,'Gemeten temperatuur',1,0,2),(645,'2022-06-07 15:59:23',1,'Gemeten kwaliteit waarde',2,0,2),(646,'2022-06-07 15:59:34',24.94,'Gemeten temperatuur',1,0,2),(647,'2022-06-07 15:59:34',1,'Gemeten kwaliteit waarde',2,0,2),(648,'2022-06-07 16:07:10',24.62,'Gemeten temperatuur',1,0,2),(649,'2022-06-07 16:07:10',1,'Gemeten kwaliteit waarde',2,0,2),(650,'2022-06-07 16:07:21',24.62,'Gemeten temperatuur',1,0,2),(651,'2022-06-07 16:07:21',1,'Gemeten kwaliteit waarde',2,0,2),(652,'2022-06-07 16:07:33',24.62,'Gemeten temperatuur',1,0,2),(653,'2022-06-07 16:07:33',1,'Gemeten kwaliteit waarde',2,0,2),(654,'2022-06-07 16:07:45',24.56,'Gemeten temperatuur',1,0,2),(655,'2022-06-07 16:07:45',1,'Gemeten kwaliteit waarde',2,0,2),(656,'2022-06-07 16:07:57',24.56,'Gemeten temperatuur',1,0,2),(657,'2022-06-07 16:07:57',1,'Gemeten kwaliteit waarde',2,0,2),(658,'2022-06-07 16:08:09',24.56,'Gemeten temperatuur',1,0,2),(659,'2022-06-07 16:08:09',1,'Gemeten kwaliteit waarde',2,0,2),(660,'2022-06-07 16:08:20',24.56,'Gemeten temperatuur',1,0,2),(661,'2022-06-07 16:08:20',1,'Gemeten kwaliteit waarde',2,0,2),(662,'2022-06-07 16:08:32',24.56,'Gemeten temperatuur',1,0,2),(663,'2022-06-07 16:08:32',1,'Gemeten kwaliteit waarde',2,0,2),(664,'2022-06-07 16:08:44',24.56,'Gemeten temperatuur',1,0,2),(665,'2022-06-07 16:08:44',1,'Gemeten kwaliteit waarde',2,0,2),(666,'2022-06-07 16:08:56',24.62,'Gemeten temperatuur',1,0,2),(667,'2022-06-07 16:08:56',1,'Gemeten kwaliteit waarde',2,0,2),(668,'2022-06-07 16:09:08',24.62,'Gemeten temperatuur',1,0,2),(669,'2022-06-07 16:09:08',1,'Gemeten kwaliteit waarde',2,0,2),(670,'2022-06-07 16:09:19',24.62,'Gemeten temperatuur',1,0,2),(671,'2022-06-07 16:09:19',1,'Gemeten kwaliteit waarde',2,0,2),(672,'2022-06-07 16:09:31',24.62,'Gemeten temperatuur',1,0,2),(673,'2022-06-07 16:09:31',1,'Gemeten kwaliteit waarde',2,0,2),(674,'2022-06-07 16:09:43',24.62,'Gemeten temperatuur',1,0,2),(675,'2022-06-07 16:09:43',2,'Gemeten kwaliteit waarde',2,0,2),(676,'2022-06-07 16:09:54',24.62,'Gemeten temperatuur',1,0,2),(677,'2022-06-07 16:09:54',2,'Gemeten kwaliteit waarde',2,0,2),(678,'2022-06-07 16:10:07',24.62,'Gemeten temperatuur',1,0,2),(679,'2022-06-07 16:10:07',2,'Gemeten kwaliteit waarde',2,0,2),(680,'2022-06-07 16:15:07',24.56,'Gemeten temperatuur',1,0,2),(681,'2022-06-07 16:15:07',1,'Gemeten kwaliteit waarde',2,0,2),(682,'2022-06-07 16:15:19',24.56,'Gemeten temperatuur',1,0,2),(683,'2022-06-07 16:15:19',1,'Gemeten kwaliteit waarde',2,0,2),(684,'2022-06-07 16:15:30',24.56,'Gemeten temperatuur',1,0,2),(685,'2022-06-07 16:15:30',1,'Gemeten kwaliteit waarde',2,0,2),(686,'2022-06-07 16:15:42',24.56,'Gemeten temperatuur',1,0,2),(687,'2022-06-07 16:15:42',1,'Gemeten kwaliteit waarde',2,0,2),(688,'2022-06-07 16:15:54',24.62,'Gemeten temperatuur',1,0,2),(689,'2022-06-07 16:15:54',1,'Gemeten kwaliteit waarde',2,0,2),(690,'2022-06-07 16:16:06',24.62,'Gemeten temperatuur',1,0,2),(691,'2022-06-07 16:16:06',1,'Gemeten kwaliteit waarde',2,0,2),(692,'2022-06-07 16:16:18',24.62,'Gemeten temperatuur',1,0,2),(693,'2022-06-07 16:16:18',2,'Gemeten kwaliteit waarde',2,0,2),(694,'2022-06-07 16:16:29',24.62,'Gemeten temperatuur',1,0,2),(695,'2022-06-07 16:35:44',24.19,'Gemeten temperatuur',1,0,2),(696,'2022-06-07 16:35:44',1,'Gemeten kwaliteit waarde',2,0,2),(697,'2022-06-07 16:35:56',24.25,'Gemeten temperatuur',1,0,2),(698,'2022-06-07 16:35:56',1,'Gemeten kwaliteit waarde',2,0,2),(699,'2022-06-07 16:36:08',24.25,'Gemeten temperatuur',1,0,2),(700,'2022-06-07 16:36:08',1,'Gemeten kwaliteit waarde',2,0,2),(701,'2022-06-07 16:36:20',24.25,'Gemeten temperatuur',1,0,2),(702,'2022-06-07 16:36:20',1,'Gemeten kwaliteit waarde',2,0,2),(703,'2022-06-07 16:36:31',24.25,'Gemeten temperatuur',1,0,2),(704,'2022-06-07 16:36:31',1,'Gemeten kwaliteit waarde',2,0,2),(705,'2022-06-07 16:36:43',24.25,'Gemeten temperatuur',1,0,2),(706,'2022-06-07 16:36:43',1,'Gemeten kwaliteit waarde',2,0,2),(707,'2022-06-07 16:36:55',24.25,'Gemeten temperatuur',1,0,2),(708,'2022-06-07 16:36:55',2,'Gemeten kwaliteit waarde',2,0,2),(709,'2022-06-07 16:37:07',24.25,'Gemeten temperatuur',1,0,2),(710,'2022-06-07 16:37:07',1,'Gemeten kwaliteit waarde',2,0,2),(711,'2022-06-07 16:37:18',24.25,'Gemeten temperatuur',1,0,2),(712,'2022-06-07 16:37:18',2,'Gemeten kwaliteit waarde',2,0,2),(713,'2022-06-07 16:37:30',24.25,'Gemeten temperatuur',1,0,2),(714,'2022-06-07 16:37:30',2,'Gemeten kwaliteit waarde',2,0,2),(715,'2022-06-07 16:37:42',24.25,'Gemeten temperatuur',1,0,2),(716,'2022-06-07 16:37:42',1,'Gemeten kwaliteit waarde',2,0,2),(717,'2022-06-07 16:37:54',24.25,'Gemeten temperatuur',1,0,2),(718,'2022-06-07 16:37:54',1,'Gemeten kwaliteit waarde',2,0,2),(719,'2022-06-07 16:38:06',24.19,'Gemeten temperatuur',1,0,2),(720,'2022-06-07 16:38:06',1,'Gemeten kwaliteit waarde',2,0,2),(721,'2022-06-07 16:38:17',24.19,'Gemeten temperatuur',1,0,2),(722,'2022-06-07 16:38:17',1,'Gemeten kwaliteit waarde',2,0,2),(723,'2022-06-07 16:38:29',24.19,'Gemeten temperatuur',1,0,2),(724,'2022-06-07 16:38:29',1,'Gemeten kwaliteit waarde',2,0,2),(725,'2022-06-07 16:38:41',24.12,'Gemeten temperatuur',1,0,2),(726,'2022-06-07 16:38:41',1,'Gemeten kwaliteit waarde',2,0,2),(727,'2022-06-07 16:38:53',24.12,'Gemeten temperatuur',1,0,2),(728,'2022-06-07 16:38:53',2,'Gemeten kwaliteit waarde',2,0,2),(729,'2022-06-08 08:53:53',24.06,'Gemeten temperatuur',1,0,2),(730,'2022-06-08 08:53:53',1,'Gemeten kwaliteit waarde',2,0,2),(731,'2022-06-08 09:06:29',24.38,'Gemeten temperatuur',1,0,2),(732,'2022-06-08 09:06:29',1,'Gemeten kwaliteit waarde',2,0,2),(733,'2022-06-08 09:06:41',24.38,'Gemeten temperatuur',1,0,2),(734,'2022-06-08 09:06:41',1,'Gemeten kwaliteit waarde',2,0,2),(735,'2022-06-08 09:08:05',24.44,'Gemeten temperatuur',1,0,2),(736,'2022-06-08 09:08:05',1,'Gemeten kwaliteit waarde',2,0,2),(737,'2022-06-08 09:08:17',24.44,'Gemeten temperatuur',1,0,2),(738,'2022-06-08 09:08:17',1,'Gemeten kwaliteit waarde',2,0,2),(739,'2022-06-08 09:08:29',24.44,'Gemeten temperatuur',1,0,2),(740,'2022-06-08 09:08:29',1,'Gemeten kwaliteit waarde',2,0,2),(741,'2022-06-08 09:08:40',24.44,'Gemeten temperatuur',1,0,2),(742,'2022-06-08 09:08:40',1,'Gemeten kwaliteit waarde',2,0,2),(743,'2022-06-08 09:08:52',24.44,'Gemeten temperatuur',1,0,2),(744,'2022-06-08 09:08:52',1,'Gemeten kwaliteit waarde',2,0,2),(745,'2022-06-08 09:09:04',24.44,'Gemeten temperatuur',1,0,2),(746,'2022-06-08 09:09:04',1,'Gemeten kwaliteit waarde',2,0,2),(747,'2022-06-08 13:11:19',25.19,'Gemeten temperatuur',1,0,2),(748,'2022-06-08 13:11:19',2,'Gemeten kwaliteit waarde',2,0,2),(749,'2022-06-08 13:19:05',25,'Gemeten temperatuur',1,0,2),(750,'2022-06-08 13:19:05',2,'Gemeten kwaliteit waarde',2,0,2),(751,'2022-06-08 13:19:17',25,'Gemeten temperatuur',1,0,2),(752,'2022-06-08 13:19:17',2,'Gemeten kwaliteit waarde',2,0,2),(753,'2022-06-08 13:19:29',25,'Gemeten temperatuur',1,0,2),(754,'2022-06-08 13:19:29',2,'Gemeten kwaliteit waarde',2,0,2),(755,'2022-06-08 13:21:14',25.06,'Gemeten temperatuur',1,0,2),(756,'2022-06-08 13:21:14',2,'Gemeten kwaliteit waarde',2,0,2),(757,'2022-06-08 13:21:26',25.06,'Gemeten temperatuur',1,0,2),(758,'2022-06-08 13:21:26',2,'Gemeten kwaliteit waarde',2,0,2),(759,'2022-06-08 13:23:20',25.19,'Gemeten temperatuur',1,0,2),(760,'2022-06-08 13:23:20',2,'Gemeten kwaliteit waarde',2,0,2),(761,'2022-06-08 13:23:32',25.19,'Gemeten temperatuur',1,0,2),(762,'2022-06-08 13:23:32',2,'Gemeten kwaliteit waarde',2,0,2),(763,'2022-06-08 13:24:23',25.19,'Gemeten temperatuur',1,0,2),(764,'2022-06-08 13:24:23',2,'Gemeten kwaliteit waarde',2,0,2),(765,'2022-06-08 13:24:35',25.19,'Gemeten temperatuur',1,0,2),(766,'2022-06-08 13:24:35',2,'Gemeten kwaliteit waarde',2,0,2),(767,'2022-06-08 13:24:51',25.19,'Gemeten temperatuur',1,0,2),(768,'2022-06-08 13:24:51',2,'Gemeten kwaliteit waarde',2,0,2),(769,'2022-06-08 13:26:23',25.25,'Gemeten temperatuur',1,0,2),(770,'2022-06-08 13:26:23',2,'Gemeten kwaliteit waarde',2,0,2),(771,'2022-06-08 13:26:35',25.25,'Gemeten temperatuur',1,0,2),(772,'2022-06-08 13:26:35',3,'Gemeten kwaliteit waarde',2,0,2),(773,'2022-06-08 13:26:55',25.19,'Gemeten temperatuur',1,0,2),(774,'2022-06-08 13:26:55',2,'Gemeten kwaliteit waarde',2,0,2),(775,'2022-06-08 13:30:33',25.12,'Gemeten temperatuur',1,0,2),(776,'2022-06-08 13:30:33',2,'Gemeten kwaliteit waarde',2,0,2),(777,'2022-06-08 13:40:42',25.19,'Gemeten temperatuur',1,0,2),(778,'2022-06-08 13:40:42',2,'Gemeten kwaliteit waarde',2,0,2),(779,'2022-06-09 09:54:48',22.75,'Gemeten temperatuur',1,0,2),(780,'2022-06-09 09:54:48',9,'Gemeten kwaliteit waarde',2,0,2),(781,'2022-06-09 10:17:07',22.88,'Gemeten temperatuur',1,0,2),(782,'2022-06-09 10:17:07',2,'Gemeten kwaliteit waarde',2,0,2),(783,'2022-06-09 10:17:19',22.81,'Gemeten temperatuur',1,0,2),(784,'2022-06-09 10:17:19',2,'Gemeten kwaliteit waarde',2,0,2),(785,'2022-06-09 10:17:31',22.81,'Gemeten temperatuur',1,0,2),(786,'2022-06-09 10:17:31',2,'Gemeten kwaliteit waarde',2,0,2),(787,'2022-06-09 10:22:07',22.81,'Gemeten temperatuur',1,0,2),(788,'2022-06-09 10:22:07',5,'Gemeten kwaliteit waarde',2,0,2),(789,'2022-06-09 10:22:19',22.75,'Gemeten temperatuur',1,0,2),(790,'2022-06-09 10:22:19',5,'Gemeten kwaliteit waarde',2,0,2),(791,'2022-06-09 10:36:59',22.56,'Gemeten temperatuur',1,0,2),(792,'2022-06-09 10:36:59',18,'Gemeten kwaliteit waarde',2,0,2),(793,'2022-06-09 10:37:11',22.56,'Gemeten temperatuur',1,0,2),(794,'2022-06-09 10:37:11',17,'Gemeten kwaliteit waarde',2,0,2),(795,'2022-06-09 11:07:39',22.5,'Gemeten temperatuur',1,0,2),(796,'2022-06-09 11:07:39',290,'Gemeten kwaliteit waarde',2,0,2),(797,'2022-06-09 11:10:07',22.44,'Gemeten temperatuur',1,0,2),(798,'2022-06-09 11:10:07',609,'Gemeten kwaliteit waarde',2,0,2),(799,'2022-06-09 12:04:00',23.94,'Gemeten temperatuur',1,0,2),(800,'2022-06-09 12:04:00',309,'Gemeten kwaliteit waarde',2,0,2),(801,'2022-06-09 12:04:00',7.3,'Gemeten pH-waarde',3,0,2),(802,'2022-06-09 12:04:08',23.94,'Gemeten temperatuur',1,0,2),(803,'2022-06-09 12:04:08',309,'Gemeten kwaliteit waarde',2,0,2),(804,'2022-06-09 12:04:08',7.31,'Gemeten pH-waarde',3,0,2),(805,'2022-06-09 12:04:19',23.94,'Gemeten temperatuur',1,0,2),(806,'2022-06-09 12:04:19',308,'Gemeten kwaliteit waarde',2,0,2),(807,'2022-06-09 12:04:19',7.31,'Gemeten pH-waarde',3,0,2),(808,'2022-06-09 13:30:58',22.25,'Gemeten temperatuur',1,0,2),(809,'2022-06-09 13:30:58',320,'Gemeten kwaliteit waarde',2,0,2),(810,'2022-06-09 13:30:58',7.31,'Gemeten pH-waarde',3,0,2),(811,'2022-06-09 13:31:09',22.19,'Gemeten temperatuur',1,0,2),(812,'2022-06-09 13:31:09',322,'Gemeten kwaliteit waarde',2,0,2),(813,'2022-06-09 13:31:09',7.3,'Gemeten pH-waarde',3,0,2),(814,'2022-06-09 13:31:20',22.19,'Gemeten temperatuur',1,0,2),(815,'2022-06-09 13:31:20',322,'Gemeten kwaliteit waarde',2,0,2),(816,'2022-06-09 13:31:20',7.3,'Gemeten pH-waarde',3,0,2),(817,'2022-06-09 13:31:32',22.19,'Gemeten temperatuur',1,0,2),(818,'2022-06-09 13:31:32',321,'Gemeten kwaliteit waarde',2,0,2),(819,'2022-06-09 13:31:32',7.31,'Gemeten pH-waarde',3,0,2),(820,'2022-06-09 13:31:44',22.19,'Gemeten temperatuur',1,0,2),(821,'2022-06-09 13:31:44',321,'Gemeten kwaliteit waarde',2,0,2),(822,'2022-06-09 13:31:44',7.3,'Gemeten pH-waarde',3,0,2),(823,'2022-06-09 13:31:55',22.19,'Gemeten temperatuur',1,0,2),(824,'2022-06-09 13:31:55',320,'Gemeten kwaliteit waarde',2,0,2),(825,'2022-06-09 13:31:55',7.31,'Gemeten pH-waarde',3,0,2),(826,'2022-06-09 13:32:07',22.19,'Gemeten temperatuur',1,0,2),(827,'2022-06-09 13:32:07',322,'Gemeten kwaliteit waarde',2,0,2),(828,'2022-06-09 13:32:07',7.31,'Gemeten pH-waarde',3,0,2),(829,'2022-06-09 13:32:19',22.19,'Gemeten temperatuur',1,0,2),(830,'2022-06-09 13:32:19',320,'Gemeten kwaliteit waarde',2,0,2),(831,'2022-06-09 13:32:19',7.31,'Gemeten pH-waarde',3,0,2),(832,'2022-06-09 13:32:31',22.19,'Gemeten temperatuur',1,0,2),(833,'2022-06-09 13:32:31',321,'Gemeten kwaliteit waarde',2,0,2),(834,'2022-06-09 13:32:31',7.31,'Gemeten pH-waarde',3,0,2),(835,'2022-06-09 16:15:48',23.56,'Gemeten temperatuur',1,0,2),(836,'2022-06-09 16:15:48',607,'Gemeten kwaliteit waarde',2,0,3),(837,'2022-06-09 16:15:48',7.3,'Gemeten pH-waarde',3,0,2),(838,'2022-06-09 16:15:58',23.56,'Gemeten temperatuur',1,0,2),(839,'2022-06-09 16:15:58',606,'Gemeten kwaliteit waarde',2,0,3),(840,'2022-06-09 16:15:58',7.31,'Gemeten pH-waarde',3,0,2),(841,'2022-06-09 16:16:38',23.62,'Gemeten temperatuur',1,0,2),(842,'2022-06-09 16:16:38',1,'Gemeten kwaliteit waarde',2,0,1),(843,'2022-06-09 16:16:38',0,'Gemeten pH-waarde',3,0,1),(844,'2022-06-09 16:22:07',23.88,'Gemeten temperatuur',1,0,2),(845,'2022-06-09 16:22:07',1,'Gemeten kwaliteit waarde',2,0,1),(846,'2022-06-09 16:22:07',0.01,'Gemeten pH-waarde',3,0,1),(847,'2022-06-09 16:23:35',22.62,'Gemeten temperatuur',1,0,2),(848,'2022-06-09 16:23:35',342,'Gemeten kwaliteit waarde',2,0,2),(849,'2022-06-09 16:23:35',4.79,'Gemeten pH-waarde',3,0,1),(850,'2022-06-09 16:23:51',22.19,'Gemeten temperatuur',1,0,2),(851,'2022-06-09 16:23:51',350,'Gemeten kwaliteit waarde',2,0,2),(852,'2022-06-09 16:23:51',4.2,'Gemeten pH-waarde',3,0,1),(853,'2022-06-09 16:24:17',22.06,'Gemeten temperatuur',1,0,2),(854,'2022-06-09 16:24:17',352,'Gemeten kwaliteit waarde',2,0,2),(855,'2022-06-09 16:24:17',9.86,'Gemeten pH-waarde',3,0,3),(856,'2022-06-09 16:24:32',22,'Gemeten temperatuur',1,0,2),(857,'2022-06-09 16:24:32',285,'Gemeten kwaliteit waarde',2,0,2),(858,'2022-06-09 16:24:32',6.84,'Gemeten pH-waarde',3,0,2),(859,'2022-06-09 16:24:44',22,'Gemeten temperatuur',1,0,2),(860,'2022-06-09 16:24:44',346,'Gemeten kwaliteit waarde',2,0,2),(861,'2022-06-09 16:24:44',8.3,'Gemeten pH-waarde',3,0,2),(862,'2022-06-09 16:25:27',22,'Gemeten temperatuur',1,0,2),(863,'2022-06-09 16:25:27',335,'Gemeten kwaliteit waarde',2,0,2),(864,'2022-06-09 16:25:27',8.06,'Gemeten pH-waarde',3,0,2),(865,'2022-06-09 16:25:39',22,'Gemeten temperatuur',1,0,2),(866,'2022-06-09 16:25:39',330,'Gemeten kwaliteit waarde',2,0,2),(867,'2022-06-09 16:25:39',7.92,'Gemeten pH-waarde',3,0,2),(868,'2022-06-09 16:25:53',21.94,'Gemeten temperatuur',1,0,2),(869,'2022-06-09 16:25:53',271,'Gemeten kwaliteit waarde',2,0,2),(870,'2022-06-09 16:25:53',6.5,'Gemeten pH-waarde',3,0,2),(871,'2022-06-09 16:26:09',21.94,'Gemeten temperatuur',1,0,2),(872,'2022-06-09 16:26:09',272,'Gemeten kwaliteit waarde',2,0,2),(873,'2022-06-09 16:26:09',7.62,'Gemeten pH-waarde',3,0,2),(874,'2022-06-09 16:26:36',21.94,'Gemeten temperatuur',1,0,2),(875,'2022-06-09 16:26:36',273,'Gemeten kwaliteit waarde',2,0,2),(876,'2022-06-09 16:26:36',7.64,'Gemeten pH-waarde',3,0,2),(877,'2022-06-09 16:26:48',21.94,'Gemeten temperatuur',1,0,2),(878,'2022-06-09 16:26:48',274,'Gemeten kwaliteit waarde',2,0,2),(879,'2022-06-09 16:26:48',7.67,'Gemeten pH-waarde',3,0,2),(880,'2022-06-09 16:27:00',21.94,'Gemeten temperatuur',1,0,2),(881,'2022-06-09 16:27:00',274,'Gemeten kwaliteit waarde',2,0,2),(882,'2022-06-09 16:27:00',7.67,'Gemeten pH-waarde',3,0,2),(883,'2022-06-09 16:27:07',21.94,'Gemeten temperatuur',1,0,2),(884,'2022-06-09 16:27:07',274,'Gemeten kwaliteit waarde',2,0,2),(885,'2022-06-09 16:27:07',0,'Gemeten pH-waarde',3,0,1),(886,'2022-06-09 16:27:25',21.94,'Gemeten temperatuur',1,0,2),(887,'2022-06-09 16:27:25',274,'Gemeten kwaliteit waarde',2,0,2),(888,'2022-06-09 16:27:25',0.03,'Gemeten pH-waarde',3,0,1),(889,'2022-06-09 16:27:40',21.94,'Gemeten temperatuur',1,0,2),(890,'2022-06-09 16:27:40',275,'Gemeten kwaliteit waarde',2,0,2),(891,'2022-06-09 16:27:40',0,'Gemeten pH-waarde',3,0,1),(892,'2022-06-09 16:28:01',22,'Gemeten temperatuur',1,0,2),(893,'2022-06-09 16:28:01',275,'Gemeten kwaliteit waarde',2,0,2),(894,'2022-06-09 16:28:01',0,'Gemeten pH-waarde',3,0,1),(895,'2022-06-09 16:28:13',22,'Gemeten temperatuur',1,0,2),(896,'2022-06-09 16:28:13',276,'Gemeten kwaliteit waarde',2,0,2),(897,'2022-06-09 16:28:13',9.3,'Gemeten pH-waarde',3,0,3),(898,'2022-06-09 16:28:28',22,'Gemeten temperatuur',1,0,2),(899,'2022-06-09 16:28:28',275,'Gemeten kwaliteit waarde',2,0,2),(900,'2022-06-09 16:28:28',7.99,'Gemeten pH-waarde',3,0,2),(901,'2022-06-09 16:28:40',22,'Gemeten temperatuur',1,0,2),(902,'2022-06-09 16:28:40',275,'Gemeten kwaliteit waarde',2,0,2),(903,'2022-06-09 16:28:40',7.99,'Gemeten pH-waarde',3,0,2),(904,'2022-06-09 16:29:13',22,'Gemeten temperatuur',1,0,2),(905,'2022-06-09 16:29:13',275,'Gemeten kwaliteit waarde',2,0,2),(906,'2022-06-09 16:29:13',7.33,'Gemeten pH-waarde',3,0,2),(907,'2022-06-10 08:37:24',23.06,'Gemeten temperatuur',1,0,2),(908,'2022-06-10 08:37:24',1,'Gemeten kwaliteit waarde',2,0,1),(909,'2022-06-10 08:37:24',13.33,'Gemeten pH-waarde',3,0,3),(910,'2022-06-10 08:38:19',23,'Gemeten temperatuur',1,0,2),(911,'2022-06-10 08:38:19',1,'Gemeten kwaliteit waarde',2,0,1),(912,'2022-06-10 08:38:19',13.35,'Gemeten pH-waarde',3,0,3),(913,'2022-06-10 08:40:58',23.12,'Gemeten temperatuur',1,0,2),(914,'2022-06-10 08:40:58',1,'Gemeten kwaliteit waarde',2,0,1),(915,'2022-06-10 08:40:58',607,'Gemeten pH-waarde',3,0,3),(916,'2022-06-10 08:41:19',23.12,'Gemeten temperatuur',1,0,2),(917,'2022-06-10 08:41:19',1,'Gemeten kwaliteit waarde',2,0,1),(918,'2022-06-10 08:41:19',13.35,'Gemeten pH-waarde',3,0,3),(919,'2022-06-10 08:41:34',23.12,'Gemeten temperatuur',1,0,2),(920,'2022-06-10 08:41:34',1,'Gemeten kwaliteit waarde',2,0,1),(921,'2022-06-10 08:41:34',1.21,'Gemeten pH-waarde',3,0,1),(922,'2022-06-10 08:42:32',23.06,'Gemeten temperatuur',1,0,2),(923,'2022-06-10 08:42:32',1,'Gemeten kwaliteit waarde',2,0,1),(924,'2022-06-10 08:42:32',10.93,'Gemeten pH-waarde',3,0,3),(925,'2022-06-10 08:43:00',23.12,'Gemeten temperatuur',1,0,2),(926,'2022-06-10 08:43:00',1,'Gemeten kwaliteit waarde',2,0,1),(927,'2022-06-10 08:43:00',5.15,'Gemeten pH-waarde',3,0,1),(928,'2022-06-10 08:43:12',23.06,'Gemeten temperatuur',1,0,2),(929,'2022-06-10 08:43:12',1,'Gemeten kwaliteit waarde',2,0,1),(930,'2022-06-10 08:43:12',5.15,'Gemeten pH-waarde',3,0,1),(931,'2022-06-10 08:43:43',23.06,'Gemeten temperatuur',1,0,2),(932,'2022-06-10 08:43:43',251,'Gemeten kwaliteit waarde',2,0,2),(933,'2022-06-10 08:43:43',3.03,'Gemeten pH-waarde',3,0,1),(934,'2022-06-10 08:44:44',23.06,'Gemeten temperatuur',1,0,2),(935,'2022-06-10 08:44:44',263,'Gemeten kwaliteit waarde',2,0,2),(936,'2022-06-10 08:44:44',2.93,'Gemeten pH-waarde',3,0,1),(937,'2022-06-10 08:44:53',23.06,'Gemeten temperatuur',1,0,2),(938,'2022-06-10 08:44:53',20,'Gemeten kwaliteit waarde',2,0,1),(939,'2022-06-10 08:44:53',4.99,'Gemeten pH-waarde',3,0,1),(940,'2022-06-10 08:45:12',23.06,'Gemeten temperatuur',1,0,2),(941,'2022-06-10 08:45:12',21,'Gemeten kwaliteit waarde',2,0,1),(942,'2022-06-10 08:45:12',3.91,'Gemeten pH-waarde',3,0,1),(943,'2022-06-10 08:45:35',23.06,'Gemeten temperatuur',1,0,2),(944,'2022-06-10 08:45:35',269,'Gemeten kwaliteit waarde',2,0,2),(945,'2022-06-10 08:45:35',2.25,'Gemeten pH-waarde',3,0,1),(946,'2022-06-10 08:48:26',23.06,'Gemeten temperatuur',1,0,2),(947,'2022-06-10 08:48:26',283,'Gemeten kwaliteit waarde',2,0,2),(948,'2022-06-10 08:48:26',7.13,'Gemeten pH-waarde',3,0,2),(949,'2022-06-10 08:48:37',23.06,'Gemeten temperatuur',1,0,2),(950,'2022-06-10 08:48:37',14,'Gemeten kwaliteit waarde',2,0,1),(951,'2022-06-10 08:48:37',13.05,'Gemeten pH-waarde',3,0,3),(952,'2022-06-10 08:48:49',23.06,'Gemeten temperatuur',1,0,2),(953,'2022-06-10 08:48:49',14,'Gemeten kwaliteit waarde',2,0,1),(954,'2022-06-10 08:48:49',13.07,'Gemeten pH-waarde',3,0,3),(955,'2022-06-10 08:53:04',23,'Gemeten temperatuur',1,0,2),(956,'2022-06-10 08:53:04',14,'Gemeten kwaliteit waarde',2,0,1),(957,'2022-06-10 08:53:04',13.4,'Gemeten pH-waarde',3,0,3),(958,'2022-06-10 08:53:39',23,'Gemeten temperatuur',1,0,2),(959,'2022-06-10 08:53:39',14,'Gemeten kwaliteit waarde',2,0,1),(960,'2022-06-10 08:53:39',13.4,'Gemeten pH-waarde',3,0,3),(961,'2022-06-10 08:54:06',23,'Gemeten temperatuur',1,0,2),(962,'2022-06-10 08:54:06',14,'Gemeten kwaliteit waarde',2,0,1),(963,'2022-06-10 08:54:06',13.4,'Gemeten pH-waarde',3,0,3),(964,'2022-06-10 08:54:15',23,'Gemeten temperatuur',1,0,2),(965,'2022-06-10 08:54:15',14,'Gemeten kwaliteit waarde',2,0,1),(966,'2022-06-10 08:54:15',0,'Gemeten pH-waarde',3,0,1),(967,'2022-06-10 08:54:26',23,'Gemeten temperatuur',1,0,2),(968,'2022-06-10 08:54:26',14,'Gemeten kwaliteit waarde',2,0,1),(969,'2022-06-10 08:54:26',0.31,'Gemeten pH-waarde',3,0,1),(970,'2022-06-10 08:54:48',23,'Gemeten temperatuur',1,0,2),(971,'2022-06-10 08:54:48',14,'Gemeten kwaliteit waarde',2,0,1),(972,'2022-06-10 08:54:48',0,'Gemeten pH-waarde',3,0,1),(973,'2022-06-10 08:55:02',23,'Gemeten temperatuur',1,0,2),(974,'2022-06-10 08:55:02',14,'Gemeten kwaliteit waarde',2,0,1),(975,'2022-06-10 08:55:02',13.4,'Gemeten pH-waarde',3,0,3),(976,'2022-06-10 08:56:20',23,'Gemeten temperatuur',1,0,2),(977,'2022-06-10 08:56:20',14,'Gemeten kwaliteit waarde',2,0,1),(978,'2022-06-10 08:56:20',13.38,'Gemeten pH-waarde',3,0,3),(979,'2022-06-10 08:57:12',23,'Gemeten temperatuur',1,0,2),(980,'2022-06-10 08:57:12',14,'Gemeten kwaliteit waarde',2,0,1),(981,'2022-06-10 08:57:12',13.4,'Gemeten pH-waarde',3,0,3),(982,'2022-06-10 08:57:44',23,'Gemeten temperatuur',1,0,2),(983,'2022-06-10 08:57:44',15,'Gemeten kwaliteit waarde',2,0,1),(984,'2022-06-10 08:57:44',13.4,'Gemeten pH-waarde',3,0,3),(985,'2022-06-10 08:57:56',23,'Gemeten temperatuur',1,0,2),(986,'2022-06-10 08:57:56',15,'Gemeten kwaliteit waarde',2,0,1),(987,'2022-06-10 08:57:56',1.22,'Gemeten pH-waarde',3,0,1),(988,'2022-06-10 09:00:06',23,'Gemeten temperatuur',1,0,2),(989,'2022-06-10 09:00:06',14,'Gemeten kwaliteit waarde',2,0,1),(990,'2022-06-10 09:00:06',1.72,'Gemeten pH-waarde',3,0,1),(991,'2022-06-10 09:00:31',23,'Gemeten temperatuur',1,0,2),(992,'2022-06-10 09:00:31',14,'Gemeten kwaliteit waarde',2,0,1),(993,'2022-06-10 09:00:31',1.71,'Gemeten pH-waarde',3,0,1),(994,'2022-06-10 09:01:42',23.06,'Gemeten temperatuur',1,0,2),(995,'2022-06-10 09:01:42',14,'Gemeten kwaliteit waarde',2,0,1),(996,'2022-06-10 09:01:42',11.78,'Gemeten pH-waarde',3,0,3),(997,'2022-06-10 09:01:54',23.06,'Gemeten temperatuur',1,0,2),(998,'2022-06-10 09:01:54',14,'Gemeten kwaliteit waarde',2,0,1),(999,'2022-06-10 09:01:54',11.95,'Gemeten pH-waarde',3,0,3),(1000,'2022-06-10 09:02:07',23.06,'Gemeten temperatuur',1,0,2),(1001,'2022-06-10 09:02:07',14,'Gemeten kwaliteit waarde',2,0,1),(1002,'2022-06-10 09:02:07',9.37,'Gemeten pH-waarde',3,0,3),(1003,'2022-06-10 09:03:46',23,'Gemeten temperatuur',1,0,2),(1004,'2022-06-10 09:03:46',1,'Gemeten kwaliteit waarde',2,0,1),(1005,'2022-06-10 09:03:46',5.94,'Gemeten pH-waarde',3,0,1),(1006,'2022-06-10 09:04:29',23,'Gemeten temperatuur',1,0,2),(1007,'2022-06-10 09:04:29',292,'Gemeten kwaliteit waarde',2,0,2),(1008,'2022-06-10 09:04:29',5.95,'Gemeten pH-waarde',3,0,1),(1009,'2022-06-10 09:05:01',23,'Gemeten temperatuur',1,0,2),(1010,'2022-06-10 09:05:01',1,'Gemeten kwaliteit waarde',2,0,1),(1011,'2022-06-10 09:05:01',6.32,'Gemeten pH-waarde',3,0,2),(1012,'2022-06-10 09:06:47',23.06,'Gemeten temperatuur',1,0,2),(1013,'2022-06-10 09:06:47',1,'Gemeten kwaliteit waarde',2,0,1),(1014,'2022-06-10 09:06:47',6.3,'Gemeten pH-waarde',3,0,2),(1015,'2022-06-10 09:07:08',23.06,'Gemeten temperatuur',1,0,2),(1016,'2022-06-10 09:07:08',1,'Gemeten kwaliteit waarde',2,0,1),(1017,'2022-06-10 09:07:08',0.01,'Gemeten pH-waarde',3,0,1),(1018,'2022-06-10 09:08:07',23.12,'Gemeten temperatuur',1,0,2),(1019,'2022-06-10 09:08:07',1,'Gemeten kwaliteit waarde',2,0,1),(1020,'2022-06-10 09:08:07',6.32,'Gemeten pH-waarde',3,0,2),(1021,'2022-06-10 09:08:27',23.12,'Gemeten temperatuur',1,0,2),(1022,'2022-06-10 09:08:27',1,'Gemeten kwaliteit waarde',2,0,1),(1023,'2022-06-10 09:08:27',12.61,'Gemeten pH-waarde',3,0,3),(1024,'2022-06-10 09:08:35',23.12,'Gemeten temperatuur',1,0,2),(1025,'2022-06-10 09:08:35',1,'Gemeten kwaliteit waarde',2,0,1),(1026,'2022-06-10 09:08:35',9.33,'Gemeten pH-waarde',3,0,3),(1027,'2022-06-10 09:09:08',23.12,'Gemeten temperatuur',1,0,2),(1028,'2022-06-10 09:09:08',1,'Gemeten kwaliteit waarde',2,0,1),(1029,'2022-06-10 09:09:08',9.25,'Gemeten pH-waarde',3,0,3),(1030,'2022-06-10 09:13:06',23.06,'Gemeten temperatuur',1,0,2),(1031,'2022-06-10 09:13:06',1,'Gemeten kwaliteit waarde',2,0,1),(1032,'2022-06-10 09:13:06',0.02,'Gemeten pH-waarde',3,0,1),(1033,'2022-06-10 09:13:20',23.06,'Gemeten temperatuur',1,0,2),(1034,'2022-06-10 09:13:20',1,'Gemeten kwaliteit waarde',2,0,1),(1035,'2022-06-10 09:13:20',24.08,'Gemeten pH-waarde',3,0,3),(1036,'2022-06-10 09:13:29',23.06,'Gemeten temperatuur',1,0,2),(1037,'2022-06-10 09:13:29',1,'Gemeten kwaliteit waarde',2,0,1),(1038,'2022-06-10 09:13:29',1.73,'Gemeten pH-waarde',3,0,1),(1039,'2022-06-10 09:13:43',23.06,'Gemeten temperatuur',1,0,2),(1040,'2022-06-10 09:13:43',1,'Gemeten kwaliteit waarde',2,0,1),(1041,'2022-06-10 09:13:43',5.73,'Gemeten pH-waarde',3,0,1),(1042,'2022-06-10 09:13:51',23.06,'Gemeten temperatuur',1,0,2),(1043,'2022-06-10 09:13:51',1,'Gemeten kwaliteit waarde',2,0,1),(1044,'2022-06-10 09:13:51',7.3,'Gemeten pH-waarde',3,0,2),(1045,'2022-06-13 10:47:39',24,'Gemeten temperatuur',1,0,2),(1046,'2022-06-13 10:47:39',1,'Gemeten kwaliteit waarde',2,0,1),(1047,'2022-06-13 10:47:39',7.53,'Gemeten pH-waarde',3,0,2),(1048,'2022-06-13 10:59:55',24,'Gemeten temperatuur',1,0,2),(1049,'2022-06-13 10:59:55',1,'Gemeten kwaliteit waarde',2,0,1),(1050,'2022-06-13 10:59:55',7.59,'Gemeten pH-waarde',3,0,2),(1051,'2022-06-13 11:00:07',29.38,'Gemeten temperatuur',1,0,2),(1052,'2022-06-13 11:00:07',1,'Gemeten kwaliteit waarde',2,0,1),(1053,'2022-06-13 11:00:07',7.55,'Gemeten pH-waarde',3,0,2),(1054,'2022-06-13 11:00:19',29.75,'Gemeten temperatuur',1,0,2),(1055,'2022-06-13 11:00:19',1,'Gemeten kwaliteit waarde',2,0,1),(1056,'2022-06-13 11:00:19',7.59,'Gemeten pH-waarde',3,0,2),(1057,'2022-06-14 09:27:10',25.19,'Gemeten temperatuur',1,0,2),(1058,'2022-06-14 09:27:10',2,'Gemeten kwaliteit waarde',2,0,1),(1059,'2022-06-14 09:27:10',6.98,'Gemeten pH-waarde',3,0,2),(1060,'2022-06-14 09:27:22',25.25,'Gemeten temperatuur',1,0,2),(1061,'2022-06-14 09:27:22',2,'Gemeten kwaliteit waarde',2,0,1),(1062,'2022-06-14 09:27:22',7.31,'Gemeten pH-waarde',3,0,2),(1063,'2022-06-14 09:27:34',25.31,'Gemeten temperatuur',1,0,2),(1064,'2022-06-14 09:27:34',2,'Gemeten kwaliteit waarde',2,0,1),(1065,'2022-06-14 09:27:34',7.89,'Gemeten pH-waarde',3,0,2),(1066,'2022-06-14 09:27:45',25.31,'Gemeten temperatuur',1,0,2),(1067,'2022-06-14 09:27:45',1,'Gemeten kwaliteit waarde',2,0,1),(1068,'2022-06-14 09:27:45',8.1,'Gemeten pH-waarde',3,0,2),(1069,'2022-06-14 09:27:57',25.38,'Gemeten temperatuur',1,0,2),(1070,'2022-06-14 09:27:57',2,'Gemeten kwaliteit waarde',2,0,1),(1071,'2022-06-14 09:27:57',7.76,'Gemeten pH-waarde',3,0,2),(1072,'2022-06-14 09:28:09',25.38,'Gemeten temperatuur',1,0,2),(1073,'2022-06-14 09:28:09',2,'Gemeten kwaliteit waarde',2,0,1),(1074,'2022-06-14 09:28:09',7.19,'Gemeten pH-waarde',3,0,2),(1075,'2022-06-14 09:28:21',25.44,'Gemeten temperatuur',1,0,2),(1076,'2022-06-14 09:28:21',2,'Gemeten kwaliteit waarde',2,0,1),(1077,'2022-06-14 09:28:21',7.15,'Gemeten pH-waarde',3,0,2),(1078,'2022-06-14 09:28:33',25.44,'Gemeten temperatuur',1,0,2),(1079,'2022-06-14 09:28:33',2,'Gemeten kwaliteit waarde',2,0,1),(1080,'2022-06-14 09:28:33',8.03,'Gemeten pH-waarde',3,0,2),(1081,'2022-06-14 09:28:45',25.38,'Gemeten temperatuur',1,0,2),(1082,'2022-06-14 09:28:45',2,'Gemeten kwaliteit waarde',2,0,1),(1083,'2022-06-14 09:28:45',7.64,'Gemeten pH-waarde',3,0,2),(1084,'2022-06-14 09:28:57',25.44,'Gemeten temperatuur',1,0,2),(1085,'2022-06-14 09:28:57',2,'Gemeten kwaliteit waarde',2,0,1),(1086,'2022-06-14 09:28:57',6.98,'Gemeten pH-waarde',3,0,2),(1087,'2022-06-14 09:29:40',25.44,'Gemeten temperatuur',1,0,2),(1088,'2022-06-14 09:29:40',2,'Gemeten kwaliteit waarde',2,0,1),(1089,'2022-06-14 09:29:40',7.06,'Gemeten pH-waarde',3,0,2),(1090,'2022-06-14 09:29:52',25.44,'Gemeten temperatuur',1,0,2),(1091,'2022-06-14 09:29:52',2,'Gemeten kwaliteit waarde',2,0,1),(1092,'2022-06-14 09:29:52',7.25,'Gemeten pH-waarde',3,0,2),(1093,'2022-06-14 09:30:04',25.44,'Gemeten temperatuur',1,0,2),(1094,'2022-06-14 09:30:04',1,'Gemeten kwaliteit waarde',2,0,1),(1095,'2022-06-14 09:30:04',6.95,'Gemeten pH-waarde',3,0,2),(1096,'2022-06-14 09:30:16',25.38,'Gemeten temperatuur',1,0,2),(1097,'2022-06-14 09:30:16',1,'Gemeten kwaliteit waarde',2,0,1),(1098,'2022-06-14 09:30:16',6.87,'Gemeten pH-waarde',3,0,2),(1099,'2022-06-14 09:30:28',25.38,'Gemeten temperatuur',1,0,2),(1100,'2022-06-14 09:30:28',6,'Gemeten kwaliteit waarde',2,0,1),(1101,'2022-06-14 09:30:28',7.55,'Gemeten pH-waarde',3,0,2),(1102,'2022-06-14 09:30:40',25.31,'Gemeten temperatuur',1,0,2),(1103,'2022-06-14 09:30:40',6,'Gemeten kwaliteit waarde',2,0,1),(1104,'2022-06-14 09:30:40',7.69,'Gemeten pH-waarde',3,0,2),(1105,'2022-06-14 09:30:52',25.31,'Gemeten temperatuur',1,0,2),(1106,'2022-06-14 09:30:52',7,'Gemeten kwaliteit waarde',2,0,1),(1107,'2022-06-14 09:30:52',7.85,'Gemeten pH-waarde',3,0,2),(1108,'2022-06-14 09:31:04',25.31,'Gemeten temperatuur',1,0,2),(1109,'2022-06-14 09:31:04',9,'Gemeten kwaliteit waarde',2,0,1),(1110,'2022-06-14 09:31:04',7.92,'Gemeten pH-waarde',3,0,2),(1111,'2022-06-14 09:31:16',25.31,'Gemeten temperatuur',1,0,2),(1112,'2022-06-14 09:31:16',9,'Gemeten kwaliteit waarde',2,0,1),(1113,'2022-06-14 09:31:16',7.29,'Gemeten pH-waarde',3,0,2),(1114,'2022-06-14 09:31:28',25.31,'Gemeten temperatuur',1,0,2),(1115,'2022-06-14 09:31:28',8,'Gemeten kwaliteit waarde',2,0,1),(1116,'2022-06-14 09:31:28',7.22,'Gemeten pH-waarde',3,0,2),(1117,'2022-06-14 09:34:06',25.62,'Gemeten temperatuur',1,0,2),(1118,'2022-06-14 09:34:06',1,'Gemeten kwaliteit waarde',2,0,1),(1119,'2022-06-14 09:34:06',7.42,'Gemeten pH-waarde',3,0,2),(1120,'2022-06-14 09:35:06',25.75,'Gemeten temperatuur',1,0,2),(1121,'2022-06-14 09:35:06',1,'Gemeten kwaliteit waarde',2,0,1),(1122,'2022-06-14 09:35:06',7.42,'Gemeten pH-waarde',3,0,2),(1123,'2022-06-14 09:41:06',25.88,'Gemeten temperatuur',1,0,2),(1124,'2022-06-14 09:41:06',1,'Gemeten kwaliteit waarde',2,0,1),(1125,'2022-06-14 09:41:06',7.34,'Gemeten pH-waarde',3,0,2),(1126,'2022-06-14 09:43:55',26,'Gemeten temperatuur',1,0,2),(1127,'2022-06-14 09:43:55',1,'Gemeten kwaliteit waarde',2,0,1),(1128,'2022-06-14 09:43:55',7.41,'Gemeten pH-waarde',3,0,2),(1129,'2022-06-14 09:44:07',26,'Gemeten temperatuur',1,0,2),(1130,'2022-06-14 09:44:07',1,'Gemeten kwaliteit waarde',2,0,1),(1131,'2022-06-14 09:44:07',7.47,'Gemeten pH-waarde',3,0,2),(1132,'2022-06-14 09:47:56',26.25,'Gemeten temperatuur',1,0,2),(1133,'2022-06-14 09:47:56',3,'Gemeten kwaliteit waarde',2,0,1),(1134,'2022-06-14 09:47:56',7.44,'Gemeten pH-waarde',3,0,2),(1135,'2022-06-14 10:04:08',25.88,'Gemeten temperatuur',1,0,2),(1136,'2022-06-14 10:04:08',5,'Gemeten kwaliteit waarde',2,0,1),(1137,'2022-06-14 10:04:08',7.98,'Gemeten pH-waarde',3,0,2),(1138,'2022-06-14 10:04:20',25.88,'Gemeten temperatuur',1,0,2),(1139,'2022-06-14 10:04:20',5,'Gemeten kwaliteit waarde',2,0,1),(1140,'2022-06-14 10:04:20',7.92,'Gemeten pH-waarde',3,0,2),(1141,'2022-06-14 10:04:32',25.81,'Gemeten temperatuur',1,0,2),(1142,'2022-06-14 10:04:32',5,'Gemeten kwaliteit waarde',2,0,1),(1143,'2022-06-14 10:04:32',7.95,'Gemeten pH-waarde',3,0,2),(1144,'2022-06-14 10:04:44',25.75,'Gemeten temperatuur',1,0,2),(1145,'2022-06-14 10:04:44',5,'Gemeten kwaliteit waarde',2,0,1),(1146,'2022-06-14 10:04:44',7.99,'Gemeten pH-waarde',3,0,2),(1147,'2022-06-14 10:04:56',25.75,'Gemeten temperatuur',1,0,2),(1148,'2022-06-14 10:04:56',5,'Gemeten kwaliteit waarde',2,0,1),(1149,'2022-06-14 10:04:56',7.98,'Gemeten pH-waarde',3,0,2),(1150,'2022-06-14 10:05:08',25.75,'Gemeten temperatuur',1,0,2),(1151,'2022-06-14 10:05:08',5,'Gemeten kwaliteit waarde',2,0,1),(1152,'2022-06-14 10:05:08',8.01,'Gemeten pH-waarde',3,0,2),(1153,'2022-06-14 10:05:20',25.75,'Gemeten temperatuur',1,0,2),(1154,'2022-06-14 10:05:20',5,'Gemeten kwaliteit waarde',2,0,1),(1155,'2022-06-14 10:05:20',7.98,'Gemeten pH-waarde',3,0,2),(1156,'2022-06-14 10:05:32',25.75,'Gemeten temperatuur',1,0,2),(1157,'2022-06-14 10:05:32',5,'Gemeten kwaliteit waarde',2,0,1),(1158,'2022-06-14 10:05:32',7.91,'Gemeten pH-waarde',3,0,2),(1159,'2022-06-14 10:05:44',25.75,'Gemeten temperatuur',1,0,2),(1160,'2022-06-14 10:05:44',5,'Gemeten kwaliteit waarde',2,0,1),(1161,'2022-06-14 10:05:44',7.98,'Gemeten pH-waarde',3,0,2),(1162,'2022-06-14 10:05:55',25.75,'Gemeten temperatuur',1,0,2),(1163,'2022-06-14 10:05:55',5,'Gemeten kwaliteit waarde',2,0,1),(1164,'2022-06-14 10:05:55',7.98,'Gemeten pH-waarde',3,0,2),(1165,'2022-06-14 10:06:07',25.75,'Gemeten temperatuur',1,0,2),(1166,'2022-06-14 10:06:07',5,'Gemeten kwaliteit waarde',2,0,1),(1167,'2022-06-14 10:06:07',8,'Gemeten pH-waarde',3,0,2),(1168,'2022-06-14 10:06:19',25.75,'Gemeten temperatuur',1,0,2),(1169,'2022-06-14 10:06:19',5,'Gemeten kwaliteit waarde',2,0,1),(1170,'2022-06-14 10:06:19',7.96,'Gemeten pH-waarde',3,0,2),(1171,'2022-06-14 10:06:31',25.75,'Gemeten temperatuur',1,0,2),(1172,'2022-06-14 10:06:31',5,'Gemeten kwaliteit waarde',2,0,1),(1173,'2022-06-14 10:06:31',7.92,'Gemeten pH-waarde',3,0,2),(1174,'2022-06-14 10:06:43',25.75,'Gemeten temperatuur',1,0,2),(1175,'2022-06-14 10:06:43',5,'Gemeten kwaliteit waarde',2,0,1),(1176,'2022-06-14 10:06:43',7.95,'Gemeten pH-waarde',3,0,2),(1177,'2022-06-14 10:06:55',25.75,'Gemeten temperatuur',1,0,2),(1178,'2022-06-14 10:06:55',5,'Gemeten kwaliteit waarde',2,0,1),(1179,'2022-06-14 10:06:55',8.08,'Gemeten pH-waarde',3,0,2),(1180,'2022-06-14 10:07:07',25.81,'Gemeten temperatuur',1,0,2),(1181,'2022-06-14 10:07:07',5,'Gemeten kwaliteit waarde',2,0,1),(1182,'2022-06-14 10:07:07',7.98,'Gemeten pH-waarde',3,0,2),(1183,'2022-06-14 10:07:19',25.81,'Gemeten temperatuur',1,0,2),(1184,'2022-06-14 10:07:19',5,'Gemeten kwaliteit waarde',2,0,1),(1185,'2022-06-14 10:07:19',7.94,'Gemeten pH-waarde',3,0,2),(1186,'2022-06-14 10:07:31',25.81,'Gemeten temperatuur',1,0,2),(1187,'2022-06-14 10:07:31',5,'Gemeten kwaliteit waarde',2,0,1),(1188,'2022-06-14 10:07:31',7.91,'Gemeten pH-waarde',3,0,2),(1189,'2022-06-14 10:22:44',26.19,'Gemeten temperatuur',1,0,2),(1190,'2022-06-14 10:22:44',2,'Gemeten kwaliteit waarde',2,0,1),(1191,'2022-06-14 10:22:44',7.92,'Gemeten pH-waarde',3,0,2),(1192,'2022-06-14 11:19:00',26.44,'Gemeten temperatuur',1,0,2),(1193,'2022-06-14 11:19:00',6,'Gemeten kwaliteit waarde',2,0,1),(1194,'2022-06-14 11:19:00',8.1,'Gemeten pH-waarde',3,0,2),(1195,'2022-06-14 11:31:48',26.44,'Gemeten temperatuur',1,0,2),(1196,'2022-06-14 11:31:48',272,'Gemeten kwaliteit waarde',2,0,2),(1197,'2022-06-14 11:31:48',7.64,'Gemeten pH-waarde',3,0,2),(1198,'2022-06-14 11:32:00',26.5,'Gemeten temperatuur',1,0,2),(1199,'2022-06-14 11:32:00',275,'Gemeten kwaliteit waarde',2,0,2),(1200,'2022-06-14 11:32:00',7.67,'Gemeten pH-waarde',3,0,2),(1201,'2022-06-14 11:32:11',26.44,'Gemeten temperatuur',1,0,2),(1202,'2022-06-14 11:32:11',278,'Gemeten kwaliteit waarde',2,0,2),(1203,'2022-06-14 11:32:11',7.66,'Gemeten pH-waarde',3,0,2),(1204,'2022-06-14 11:32:23',26.44,'Gemeten temperatuur',1,0,2),(1205,'2022-06-14 11:32:23',279,'Gemeten kwaliteit waarde',2,0,2),(1206,'2022-06-14 11:32:23',7.66,'Gemeten pH-waarde',3,0,2),(1207,'2022-06-14 11:32:35',26.44,'Gemeten temperatuur',1,0,2),(1208,'2022-06-14 11:32:35',10,'Gemeten kwaliteit waarde',2,0,1),(1209,'2022-06-14 11:32:35',7.64,'Gemeten pH-waarde',3,0,2),(1210,'2022-06-14 11:32:47',26.44,'Gemeten temperatuur',1,0,2),(1211,'2022-06-14 11:32:47',282,'Gemeten kwaliteit waarde',2,0,2),(1212,'2022-06-14 11:32:47',7.67,'Gemeten pH-waarde',3,0,2),(1213,'2022-06-14 17:34:41',25.88,'Gemeten temperatuur',1,0,2),(1214,'2022-06-14 17:34:41',14,'Gemeten kwaliteit waarde',2,0,1),(1215,'2022-06-14 17:34:41',7.36,'Gemeten pH-waarde',3,0,2),(1216,'2022-06-14 17:35:36',25.75,'Gemeten temperatuur',1,0,2),(1217,'2022-06-14 17:35:36',18,'Gemeten kwaliteit waarde',2,0,1),(1218,'2022-06-14 17:35:36',7.38,'Gemeten pH-waarde',3,0,2),(1219,'2022-06-14 17:41:32',26.69,'Gemeten temperatuur',1,0,2),(1220,'2022-06-14 17:41:32',19,'Gemeten kwaliteit waarde',2,0,1),(1221,'2022-06-14 17:41:32',7.41,'Gemeten pH-waarde',3,0,2),(1222,'2022-06-14 17:41:56',26.38,'Gemeten temperatuur',1,0,2),(1223,'2022-06-14 17:41:56',19,'Gemeten kwaliteit waarde',2,0,1),(1224,'2022-06-14 17:41:56',7.4,'Gemeten pH-waarde',3,0,2),(1225,'2022-06-14 17:42:08',26.25,'Gemeten temperatuur',1,0,2),(1226,'2022-06-14 17:42:08',25,'Gemeten kwaliteit waarde',2,0,1),(1227,'2022-06-14 17:42:08',7.38,'Gemeten pH-waarde',3,0,2),(1228,'2022-06-14 18:29:15',25.25,'Gemeten temperatuur',1,0,2),(1229,'2022-06-14 18:29:15',1,'Gemeten kwaliteit waarde',2,0,1),(1230,'2022-06-14 18:29:15',7.27,'Gemeten pH-waarde',3,0,2),(1231,'2022-06-14 18:29:53',25.19,'Gemeten temperatuur',1,0,2),(1232,'2022-06-14 18:29:53',249,'Gemeten kwaliteit waarde',2,0,2),(1233,'2022-06-14 18:29:53',7.25,'Gemeten pH-waarde',3,0,2),(1234,'2022-06-14 18:30:05',25.19,'Gemeten temperatuur',1,0,2),(1235,'2022-06-14 18:30:05',251,'Gemeten kwaliteit waarde',2,0,2),(1236,'2022-06-14 18:30:05',7.27,'Gemeten pH-waarde',3,0,2),(1237,'2022-06-14 21:01:20',27.94,'Gemeten temperatuur',1,0,2),(1238,'2022-06-14 21:01:20',1,'Gemeten kwaliteit waarde',2,0,1),(1239,'2022-06-14 21:01:20',7.35,'Gemeten pH-waarde',3,0,2),(1240,'2022-06-14 21:01:33',30.31,'Gemeten temperatuur',1,0,2),(1241,'2022-06-14 21:01:33',1,'Gemeten kwaliteit waarde',2,0,1),(1242,'2022-06-14 21:01:33',7.36,'Gemeten pH-waarde',3,0,2),(1243,'2022-06-14 21:02:00',26.38,'Gemeten temperatuur',1,0,2),(1244,'2022-06-14 21:02:00',1,'Gemeten kwaliteit waarde',2,0,1),(1245,'2022-06-14 21:02:00',7.31,'Gemeten pH-waarde',3,0,2),(1246,'2022-06-14 21:02:13',25.31,'Gemeten temperatuur',1,0,2),(1247,'2022-06-14 21:02:13',1,'Gemeten kwaliteit waarde',2,0,1),(1248,'2022-06-14 21:02:13',7.34,'Gemeten pH-waarde',3,0,2),(1249,'2022-06-14 21:26:34',26.56,'Gemeten temperatuur',1,0,2),(1250,'2022-06-14 21:26:34',0,'Gemeten kwaliteit waarde',2,0,1),(1251,'2022-06-14 21:26:34',7.31,'Gemeten pH-waarde',3,0,2),(1252,'2022-06-14 21:27:07',26.19,'Gemeten temperatuur',1,0,2),(1253,'2022-06-14 21:27:07',265,'Gemeten kwaliteit waarde',2,0,2),(1254,'2022-06-14 21:27:07',7.33,'Gemeten pH-waarde',3,0,2),(1255,'2022-06-14 22:03:01',24.12,'Gemeten temperatuur',1,0,2),(1256,'2022-06-14 22:03:01',1,'Gemeten kwaliteit waarde',2,0,1),(1257,'2022-06-14 22:03:01',8.68,'Gemeten pH-waarde',3,0,2),(1258,'2022-06-14 22:03:12',24.25,'Gemeten temperatuur',1,0,2),(1259,'2022-06-14 22:03:12',1,'Gemeten kwaliteit waarde',2,0,1),(1260,'2022-06-14 22:03:12',8.68,'Gemeten pH-waarde',3,0,2),(1261,'2022-06-14 22:03:39',24.56,'Gemeten temperatuur',1,0,2),(1262,'2022-06-14 22:03:39',1,'Gemeten kwaliteit waarde',2,0,1),(1263,'2022-06-14 22:03:39',8.68,'Gemeten pH-waarde',3,0,2),(1264,'2022-06-14 22:04:42',24.88,'Gemeten temperatuur',1,0,2),(1265,'2022-06-14 22:04:42',0,'Gemeten kwaliteit waarde',2,0,1),(1266,'2022-06-14 22:04:42',7.52,'Gemeten pH-waarde',3,0,2),(1267,'2022-06-14 22:04:53',24.94,'Gemeten temperatuur',1,0,2),(1268,'2022-06-14 22:04:53',0,'Gemeten kwaliteit waarde',2,0,1),(1269,'2022-06-14 22:04:53',7.52,'Gemeten pH-waarde',3,0,2),(1270,'2022-06-14 22:05:05',25,'Gemeten temperatuur',1,0,2),(1271,'2022-06-14 22:05:05',0,'Gemeten kwaliteit waarde',2,0,1),(1272,'2022-06-14 22:05:05',7.53,'Gemeten pH-waarde',3,0,2),(1273,'2022-06-15 09:59:10',22.94,'Gemeten temperatuur',1,0,2),(1274,'2022-06-15 09:59:10',0,'Gemeten kwaliteit waarde',2,0,1),(1275,'2022-06-15 09:59:10',7.42,'Gemeten pH-waarde',3,0,2),(1276,'2022-06-15 09:59:38',23,'Gemeten temperatuur',1,0,2),(1277,'2022-06-15 09:59:38',245,'Gemeten kwaliteit waarde',2,0,2),(1278,'2022-06-15 09:59:38',7.47,'Gemeten pH-waarde',3,0,2),(1279,'2022-06-15 11:02:25',24.25,'Gemeten temperatuur',1,0,2),(1280,'2022-06-15 11:02:25',0,'Gemeten kwaliteit waarde',2,0,1),(1281,'2022-06-15 11:02:25',8.68,'Gemeten pH-waarde',3,0,2),(1282,'2022-06-15 11:02:49',24.31,'Gemeten temperatuur',1,0,2),(1283,'2022-06-15 11:02:49',239,'Gemeten kwaliteit waarde',2,0,2),(1284,'2022-06-15 11:02:49',8.68,'Gemeten pH-waarde',3,0,2),(1285,'2022-06-15 11:03:44',24.31,'Gemeten temperatuur',1,0,2),(1286,'2022-06-15 11:03:44',0,'Gemeten kwaliteit waarde',2,0,1),(1287,'2022-06-15 11:03:44',7.52,'Gemeten pH-waarde',3,0,2),(1288,'2022-06-15 11:45:42',24.88,'Gemeten temperatuur',1,0,2),(1289,'2022-06-15 11:45:42',0,'Gemeten kwaliteit waarde',2,0,1),(1290,'2022-06-15 11:45:42',7.29,'Gemeten pH-waarde',3,0,2),(1291,'2022-06-15 11:47:27',25,'Gemeten temperatuur',1,0,2),(1292,'2022-06-15 11:47:27',0,'Gemeten kwaliteit waarde',2,0,1),(1293,'2022-06-15 11:47:27',7.25,'Gemeten pH-waarde',3,0,2),(1294,'2022-06-15 11:47:49',25,'Gemeten temperatuur',1,0,2),(1295,'2022-06-15 11:47:49',237,'Gemeten kwaliteit waarde',2,0,2),(1296,'2022-06-15 11:47:49',7.34,'Gemeten pH-waarde',3,0,2),(1297,'2022-06-15 15:08:30',25.56,'Gemeten temperatuur',1,0,2),(1298,'2022-06-15 15:08:30',0,'Gemeten kwaliteit waarde',2,0,1),(1299,'2022-06-15 15:08:30',7.46,'Gemeten pH-waarde',3,0,2),(1300,'2022-06-15 15:08:42',25.56,'Gemeten temperatuur',1,0,2),(1301,'2022-06-15 15:08:42',0,'Gemeten kwaliteit waarde',2,0,1),(1302,'2022-06-15 15:08:42',7.51,'Gemeten pH-waarde',3,0,2),(1303,'2022-06-15 15:08:54',25.56,'Gemeten temperatuur',1,0,2),(1304,'2022-06-15 15:08:54',0,'Gemeten kwaliteit waarde',2,0,1),(1305,'2022-06-15 15:08:54',7.42,'Gemeten pH-waarde',3,0,2),(1306,'2022-06-15 15:09:06',25.56,'Gemeten temperatuur',1,0,2),(1307,'2022-06-15 15:09:06',0,'Gemeten kwaliteit waarde',2,0,1),(1308,'2022-06-15 15:09:06',7.5,'Gemeten pH-waarde',3,0,2),(1309,'2022-06-15 15:09:18',25.56,'Gemeten temperatuur',1,0,2),(1310,'2022-06-15 15:09:18',0,'Gemeten kwaliteit waarde',2,0,1),(1311,'2022-06-15 15:09:18',7.42,'Gemeten pH-waarde',3,0,2),(1312,'2022-06-15 18:20:29',23.06,'Gemeten temperatuur',1,0,2),(1313,'2022-06-15 18:20:29',0,'Gemeten kwaliteit waarde',2,0,1),(1314,'2022-06-15 18:20:29',7.5,'Gemeten pH-waarde',3,0,2),(1315,'2022-06-16 08:36:07',85,'Gemeten temperatuur',1,0,3),(1316,'2022-06-16 08:36:07',216,'Gemeten kwaliteit waarde',2,0,2),(1317,'2022-06-16 08:36:07',7.36,'Gemeten pH-waarde',3,0,2),(1318,'2022-06-16 08:36:22',25.06,'Gemeten temperatuur',1,0,2),(1319,'2022-06-16 08:36:22',225,'Gemeten kwaliteit waarde',2,0,2),(1320,'2022-06-16 08:36:22',7.38,'Gemeten pH-waarde',3,0,2),(1321,'2022-06-16 08:36:34',25.12,'Gemeten temperatuur',1,0,2),(1322,'2022-06-16 08:36:34',225,'Gemeten kwaliteit waarde',2,0,2),(1323,'2022-06-16 08:36:34',7.41,'Gemeten pH-waarde',3,0,2),(1324,'2022-06-16 08:40:11',23.81,'Gemeten temperatuur',1,0,2),(1325,'2022-06-16 08:40:11',239,'Gemeten kwaliteit waarde',2,0,2),(1326,'2022-06-16 08:40:11',8.68,'Gemeten pH-waarde',3,0,2),(1327,'2022-06-16 08:40:23',23.25,'Gemeten temperatuur',1,0,2),(1328,'2022-06-16 08:40:23',239,'Gemeten kwaliteit waarde',2,0,2),(1329,'2022-06-16 08:40:23',8.68,'Gemeten pH-waarde',3,0,2),(1330,'2022-06-16 08:40:35',23.19,'Gemeten temperatuur',1,0,2),(1331,'2022-06-16 08:40:35',232,'Gemeten kwaliteit waarde',2,0,2),(1332,'2022-06-16 08:40:35',7.45,'Gemeten pH-waarde',3,0,2),(1333,'2022-06-16 08:40:47',23.19,'Gemeten temperatuur',1,0,2),(1334,'2022-06-16 08:40:47',232,'Gemeten kwaliteit waarde',2,0,2),(1335,'2022-06-16 08:40:47',7.44,'Gemeten pH-waarde',3,0,2),(1336,'2022-06-16 08:40:59',23.19,'Gemeten temperatuur',1,0,2),(1337,'2022-06-16 08:40:59',233,'Gemeten kwaliteit waarde',2,0,2),(1338,'2022-06-16 08:40:59',7.46,'Gemeten pH-waarde',3,0,2),(1339,'2022-06-16 08:41:11',23.19,'Gemeten temperatuur',1,0,2),(1340,'2022-06-16 08:41:11',233,'Gemeten kwaliteit waarde',2,0,2),(1341,'2022-06-16 08:41:11',7.48,'Gemeten pH-waarde',3,0,2),(1342,'2022-06-16 08:41:23',23.19,'Gemeten temperatuur',1,0,2),(1343,'2022-06-16 08:41:23',234,'Gemeten kwaliteit waarde',2,0,2),(1344,'2022-06-16 08:41:23',7.48,'Gemeten pH-waarde',3,0,2),(1345,'2022-06-16 08:41:35',23.19,'Gemeten temperatuur',1,0,2),(1346,'2022-06-16 08:41:35',239,'Gemeten kwaliteit waarde',2,0,2),(1347,'2022-06-16 08:41:35',7.47,'Gemeten pH-waarde',3,0,2),(1348,'2022-06-16 08:41:47',22.75,'Gemeten temperatuur',1,0,2),(1349,'2022-06-16 08:41:47',235,'Gemeten kwaliteit waarde',2,0,2),(1350,'2022-06-16 08:41:47',7.47,'Gemeten pH-waarde',3,0,2),(1351,'2022-06-16 08:41:59',22.69,'Gemeten temperatuur',1,0,2),(1352,'2022-06-16 08:41:59',235,'Gemeten kwaliteit waarde',2,0,2),(1353,'2022-06-16 08:41:59',7.47,'Gemeten pH-waarde',3,0,2),(1354,'2022-06-16 08:59:33',23.81,'Gemeten temperatuur',1,0,2),(1355,'2022-06-16 08:59:33',245,'Gemeten kwaliteit waarde',2,0,2),(1356,'2022-06-16 08:59:33',7.53,'Gemeten pH-waarde',3,0,2),(1357,'2022-06-16 09:09:13',24.5,'Gemeten temperatuur',1,0,2),(1358,'2022-06-16 09:09:13',264,'Gemeten kwaliteit waarde',2,0,2),(1359,'2022-06-16 09:09:13',7.55,'Gemeten pH-waarde',3,0,2),(1360,'2022-06-16 09:44:09',27.69,'Gemeten temperatuur',1,0,2),(1361,'2022-06-16 09:44:09',0,'Gemeten kwaliteit waarde',2,0,1),(1362,'2022-06-16 09:44:09',7.51,'Gemeten pH-waarde',3,0,2),(1363,'2022-06-16 09:44:21',27.69,'Gemeten temperatuur',1,0,2),(1364,'2022-06-16 09:44:21',0,'Gemeten kwaliteit waarde',2,0,1),(1365,'2022-06-16 09:44:21',7.52,'Gemeten pH-waarde',3,0,2),(1366,'2022-06-16 11:02:12',27.69,'Gemeten temperatuur',1,0,2),(1367,'2022-06-16 11:02:12',0,'Gemeten kwaliteit waarde',2,0,1),(1368,'2022-06-16 11:02:12',7.57,'Gemeten pH-waarde',3,0,2),(1369,'2022-06-16 12:40:27',27.38,'Gemeten temperatuur',1,0,2),(1370,'2022-06-16 12:40:27',0,'Gemeten kwaliteit waarde',2,0,1),(1371,'2022-06-16 12:40:27',7.5,'Gemeten pH-waarde',3,0,2),(1372,'2022-06-16 12:40:39',27.44,'Gemeten temperatuur',1,0,2),(1373,'2022-06-16 12:40:39',0,'Gemeten kwaliteit waarde',2,0,1),(1374,'2022-06-16 12:40:39',7.52,'Gemeten pH-waarde',3,0,2),(1375,'2022-06-16 12:41:18',27.44,'Gemeten temperatuur',1,0,2),(1376,'2022-06-16 12:41:18',0,'Gemeten kwaliteit waarde',2,0,1),(1377,'2022-06-16 12:41:18',7.53,'Gemeten pH-waarde',3,0,2),(1378,'2022-06-16 12:41:30',27.44,'Gemeten temperatuur',1,0,2),(1379,'2022-06-16 12:41:30',0,'Gemeten kwaliteit waarde',2,0,1),(1380,'2022-06-16 12:41:30',7.53,'Gemeten pH-waarde',3,0,2),(1381,'2022-06-16 12:41:42',27.44,'Gemeten temperatuur',1,0,2),(1382,'2022-06-16 12:41:42',0,'Gemeten kwaliteit waarde',2,0,1),(1383,'2022-06-16 12:41:42',7.54,'Gemeten pH-waarde',3,0,2),(1384,'2022-06-16 12:41:54',27.5,'Gemeten temperatuur',1,0,2),(1385,'2022-06-16 12:41:54',0,'Gemeten kwaliteit waarde',2,0,1),(1386,'2022-06-16 12:41:54',7.54,'Gemeten pH-waarde',3,0,2),(1387,'2022-06-16 12:42:06',27.5,'Gemeten temperatuur',1,0,2),(1388,'2022-06-16 12:42:06',0,'Gemeten kwaliteit waarde',2,0,1),(1389,'2022-06-16 12:42:06',7.53,'Gemeten pH-waarde',3,0,2),(1390,'2022-06-16 12:42:17',27.5,'Gemeten temperatuur',1,0,2),(1391,'2022-06-16 12:42:17',0,'Gemeten kwaliteit waarde',2,0,1),(1392,'2022-06-16 12:42:17',7.56,'Gemeten pH-waarde',3,0,2),(1393,'2022-06-16 12:42:29',27.5,'Gemeten temperatuur',1,0,2),(1394,'2022-06-16 12:42:29',0,'Gemeten kwaliteit waarde',2,0,1),(1395,'2022-06-16 12:42:29',7.55,'Gemeten pH-waarde',3,0,2),(1396,'2022-06-16 12:42:41',27.5,'Gemeten temperatuur',1,0,2),(1397,'2022-06-16 12:42:41',0,'Gemeten kwaliteit waarde',2,0,1),(1398,'2022-06-16 12:42:41',7.55,'Gemeten pH-waarde',3,0,2),(1399,'2022-06-16 13:12:59',27.75,'Gemeten temperatuur',1,0,2),(1400,'2022-06-16 13:12:59',0,'Gemeten kwaliteit waarde',2,0,1),(1401,'2022-06-16 13:12:59',7.45,'Gemeten pH-waarde',3,0,2),(1402,'2022-06-16 13:13:10',27.75,'Gemeten temperatuur',1,0,2),(1403,'2022-06-16 13:13:10',0,'Gemeten kwaliteit waarde',2,0,1),(1404,'2022-06-16 13:13:10',7.47,'Gemeten pH-waarde',3,0,2),(1405,'2022-06-16 13:13:22',27.75,'Gemeten temperatuur',1,0,2),(1406,'2022-06-16 13:13:22',0,'Gemeten kwaliteit waarde',2,0,1),(1407,'2022-06-16 13:13:22',7.47,'Gemeten pH-waarde',3,0,2),(1408,'2022-06-16 13:13:34',27.75,'Gemeten temperatuur',1,0,2),(1409,'2022-06-16 13:13:34',0,'Gemeten kwaliteit waarde',2,0,1),(1410,'2022-06-16 13:13:34',7.46,'Gemeten pH-waarde',3,0,2),(1411,'2022-06-16 13:13:46',27.75,'Gemeten temperatuur',1,0,2),(1412,'2022-06-16 13:13:46',0,'Gemeten kwaliteit waarde',2,0,1),(1413,'2022-06-16 13:13:46',7.46,'Gemeten pH-waarde',3,0,2),(1414,'2022-06-16 14:05:58',28.25,'Gemeten temperatuur',1,0,2),(1415,'2022-06-16 14:05:58',0,'Gemeten kwaliteit waarde',2,0,1),(1416,'2022-06-16 14:05:58',7.5,'Gemeten pH-waarde',3,0,2),(1417,'2022-06-16 14:06:10',28.25,'Gemeten temperatuur',1,0,2),(1418,'2022-06-16 14:06:10',0,'Gemeten kwaliteit waarde',2,0,1),(1419,'2022-06-16 14:06:10',7.51,'Gemeten pH-waarde',3,0,2),(1420,'2022-06-16 14:06:22',28.25,'Gemeten temperatuur',1,0,2),(1421,'2022-06-16 14:06:22',0,'Gemeten kwaliteit waarde',2,0,1),(1422,'2022-06-16 14:06:22',7.52,'Gemeten pH-waarde',3,0,2),(1423,'2022-06-16 14:06:34',28.25,'Gemeten temperatuur',1,0,2),(1424,'2022-06-16 14:06:34',0,'Gemeten kwaliteit waarde',2,0,1),(1425,'2022-06-16 14:06:34',7.49,'Gemeten pH-waarde',3,0,2),(1426,'2022-06-16 14:21:21',28.19,'Gemeten temperatuur',1,0,2),(1427,'2022-06-16 14:21:21',0,'Gemeten kwaliteit waarde',2,0,1),(1428,'2022-06-16 14:21:21',7.76,'Gemeten pH-waarde',3,0,2),(1429,'2022-06-16 14:22:11',28.19,'Gemeten temperatuur',1,0,2),(1430,'2022-06-16 14:22:11',0,'Gemeten kwaliteit waarde',2,0,1),(1431,'2022-06-16 14:22:11',7.85,'Gemeten pH-waarde',3,0,2),(1432,'2022-06-16 14:22:23',28.19,'Gemeten temperatuur',1,0,2),(1433,'2022-06-16 14:22:23',0,'Gemeten kwaliteit waarde',2,0,1),(1434,'2022-06-16 14:22:23',7.81,'Gemeten pH-waarde',3,0,2),(1435,'2022-06-16 14:22:34',28.19,'Gemeten temperatuur',1,0,2),(1436,'2022-06-16 14:22:34',0,'Gemeten kwaliteit waarde',2,0,1),(1437,'2022-06-16 14:22:34',7.81,'Gemeten pH-waarde',3,0,2),(1438,'2022-06-16 14:22:46',28.19,'Gemeten temperatuur',1,0,2),(1439,'2022-06-16 14:22:46',0,'Gemeten kwaliteit waarde',2,0,1),(1440,'2022-06-16 14:22:46',7.81,'Gemeten pH-waarde',3,0,2),(1441,'2022-06-16 14:22:58',28.19,'Gemeten temperatuur',1,0,2),(1442,'2022-06-16 14:22:58',0,'Gemeten kwaliteit waarde',2,0,1),(1443,'2022-06-16 14:22:58',7.81,'Gemeten pH-waarde',3,0,2),(1444,'2022-06-16 14:23:10',28.25,'Gemeten temperatuur',1,0,2),(1445,'2022-06-16 14:23:10',0,'Gemeten kwaliteit waarde',2,0,1),(1446,'2022-06-16 14:23:10',7.81,'Gemeten pH-waarde',3,0,2),(1447,'2022-06-16 14:23:22',28.19,'Gemeten temperatuur',1,0,2),(1448,'2022-06-16 14:23:22',0,'Gemeten kwaliteit waarde',2,0,1),(1449,'2022-06-16 14:23:22',7.78,'Gemeten pH-waarde',3,0,2),(1450,'2022-06-16 14:23:34',28.19,'Gemeten temperatuur',1,0,2),(1451,'2022-06-16 14:23:34',0,'Gemeten kwaliteit waarde',2,0,1),(1452,'2022-06-16 14:23:34',7.78,'Gemeten pH-waarde',3,0,2),(1453,'2022-06-16 14:24:43',28.25,'Gemeten temperatuur',1,0,2),(1454,'2022-06-16 14:24:43',0,'Gemeten kwaliteit waarde',2,0,1),(1455,'2022-06-16 14:24:43',7.8,'Gemeten pH-waarde',3,0,2),(1456,'2022-06-16 14:24:55',28.25,'Gemeten temperatuur',1,0,2),(1457,'2022-06-16 14:24:55',0,'Gemeten kwaliteit waarde',2,0,1),(1458,'2022-06-16 14:24:55',7.81,'Gemeten pH-waarde',3,0,2),(1459,'2022-06-16 14:25:07',28.25,'Gemeten temperatuur',1,0,2),(1460,'2022-06-16 14:25:07',0,'Gemeten kwaliteit waarde',2,0,1),(1461,'2022-06-16 14:25:07',7.81,'Gemeten pH-waarde',3,0,2),(1462,'2022-06-16 14:25:19',28.25,'Gemeten temperatuur',1,0,2),(1463,'2022-06-16 14:25:19',0,'Gemeten kwaliteit waarde',2,0,1),(1464,'2022-06-16 14:25:19',7.8,'Gemeten pH-waarde',3,0,2),(1465,'2022-06-16 14:25:31',28.25,'Gemeten temperatuur',1,0,2),(1466,'2022-06-16 14:25:31',0,'Gemeten kwaliteit waarde',2,0,1),(1467,'2022-06-16 14:25:31',7.78,'Gemeten pH-waarde',3,0,2),(1468,'2022-06-16 14:25:43',28.25,'Gemeten temperatuur',1,0,2),(1469,'2022-06-16 14:25:43',0,'Gemeten kwaliteit waarde',2,0,1),(1470,'2022-06-16 14:25:43',7.78,'Gemeten pH-waarde',3,0,2),(1471,'2022-06-16 14:25:55',28.25,'Gemeten temperatuur',1,0,2),(1472,'2022-06-16 14:25:55',0,'Gemeten kwaliteit waarde',2,0,1),(1473,'2022-06-16 14:25:55',7.78,'Gemeten pH-waarde',3,0,2),(1474,'2022-06-16 14:26:07',28.25,'Gemeten temperatuur',1,0,2),(1475,'2022-06-16 14:26:07',0,'Gemeten kwaliteit waarde',2,0,1),(1476,'2022-06-16 14:26:07',7.79,'Gemeten pH-waarde',3,0,2),(1477,'2022-06-16 14:26:18',28.25,'Gemeten temperatuur',1,0,2),(1478,'2022-06-16 14:26:18',0,'Gemeten kwaliteit waarde',2,0,1),(1479,'2022-06-16 14:26:18',7.79,'Gemeten pH-waarde',3,0,2),(1480,'2022-06-16 14:26:30',28.25,'Gemeten temperatuur',1,0,2),(1481,'2022-06-16 14:26:30',0,'Gemeten kwaliteit waarde',2,0,1),(1482,'2022-06-16 14:26:30',7.79,'Gemeten pH-waarde',3,0,2),(1483,'2022-06-16 14:26:42',28.25,'Gemeten temperatuur',1,0,2),(1484,'2022-06-16 14:26:42',0,'Gemeten kwaliteit waarde',2,0,1),(1485,'2022-06-16 14:26:42',7.8,'Gemeten pH-waarde',3,0,2),(1486,'2022-06-16 14:26:54',28.25,'Gemeten temperatuur',1,0,2),(1487,'2022-06-16 14:26:54',0,'Gemeten kwaliteit waarde',2,0,1),(1488,'2022-06-16 14:26:54',7.81,'Gemeten pH-waarde',3,0,2),(1489,'2022-06-16 14:27:06',28.25,'Gemeten temperatuur',1,0,2),(1490,'2022-06-16 14:27:06',0,'Gemeten kwaliteit waarde',2,0,1),(1491,'2022-06-16 14:27:06',7.82,'Gemeten pH-waarde',3,0,2),(1492,'2022-06-16 14:27:18',28.25,'Gemeten temperatuur',1,0,2),(1493,'2022-06-16 14:27:18',0,'Gemeten kwaliteit waarde',2,0,1),(1494,'2022-06-16 14:27:18',7.83,'Gemeten pH-waarde',3,0,2),(1495,'2022-06-16 14:27:30',28.25,'Gemeten temperatuur',1,0,2),(1496,'2022-06-16 14:27:30',0,'Gemeten kwaliteit waarde',2,0,1),(1497,'2022-06-16 14:27:30',7.85,'Gemeten pH-waarde',3,0,2),(1498,'2022-06-16 14:27:42',28.25,'Gemeten temperatuur',1,0,2),(1499,'2022-06-16 14:27:42',0,'Gemeten kwaliteit waarde',2,0,1),(1500,'2022-06-16 14:27:42',7.81,'Gemeten pH-waarde',3,0,2),(1501,'2022-06-16 14:27:54',28.25,'Gemeten temperatuur',1,0,2),(1502,'2022-06-16 14:27:54',0,'Gemeten kwaliteit waarde',2,0,1),(1503,'2022-06-16 14:27:54',7.82,'Gemeten pH-waarde',3,0,2),(1504,'2022-06-16 14:28:05',28.25,'Gemeten temperatuur',1,0,2),(1505,'2022-06-16 14:28:05',0,'Gemeten kwaliteit waarde',2,0,1),(1506,'2022-06-16 14:28:05',7.82,'Gemeten pH-waarde',3,0,2),(1507,'2022-06-16 14:28:17',28.25,'Gemeten temperatuur',1,0,2),(1508,'2022-06-16 14:28:17',0,'Gemeten kwaliteit waarde',2,0,1),(1509,'2022-06-16 14:28:17',7.81,'Gemeten pH-waarde',3,0,2),(1510,'2022-06-16 14:28:29',28.25,'Gemeten temperatuur',1,0,2),(1511,'2022-06-16 14:28:29',0,'Gemeten kwaliteit waarde',2,0,1),(1512,'2022-06-16 14:28:29',7.83,'Gemeten pH-waarde',3,0,2),(1513,'2022-06-16 14:28:41',28.25,'Gemeten temperatuur',1,0,2),(1514,'2022-06-16 14:28:41',0,'Gemeten kwaliteit waarde',2,0,1),(1515,'2022-06-16 14:28:41',7.85,'Gemeten pH-waarde',3,0,2),(1516,'2022-06-16 14:28:53',28.25,'Gemeten temperatuur',1,0,2),(1517,'2022-06-16 14:28:53',0,'Gemeten kwaliteit waarde',2,0,1),(1518,'2022-06-16 14:28:53',7.84,'Gemeten pH-waarde',3,0,2),(1519,'2022-06-16 14:29:05',28.25,'Gemeten temperatuur',1,0,2),(1520,'2022-06-16 14:29:05',0,'Gemeten kwaliteit waarde',2,0,1),(1521,'2022-06-16 14:29:05',7.82,'Gemeten pH-waarde',3,0,2),(1522,'2022-06-16 14:29:17',28.25,'Gemeten temperatuur',1,0,2),(1523,'2022-06-16 14:29:17',0,'Gemeten kwaliteit waarde',2,0,1),(1524,'2022-06-16 14:29:17',7.84,'Gemeten pH-waarde',3,0,2),(1525,'2022-06-16 14:29:29',28.25,'Gemeten temperatuur',1,0,2),(1526,'2022-06-16 14:29:29',0,'Gemeten kwaliteit waarde',2,0,1),(1527,'2022-06-16 14:29:29',7.84,'Gemeten pH-waarde',3,0,2),(1528,'2022-06-16 14:30:27',28.25,'Gemeten temperatuur',1,0,2),(1529,'2022-06-16 14:30:27',0,'Gemeten kwaliteit waarde',2,0,1),(1530,'2022-06-16 14:30:27',7.87,'Gemeten pH-waarde',3,0,2),(1531,'2022-06-16 14:30:38',28.25,'Gemeten temperatuur',1,0,2),(1532,'2022-06-16 14:30:38',0,'Gemeten kwaliteit waarde',2,0,1),(1533,'2022-06-16 14:30:38',7.85,'Gemeten pH-waarde',3,0,2),(1534,'2022-06-16 14:30:50',28.25,'Gemeten temperatuur',1,0,2),(1535,'2022-06-16 14:30:50',0,'Gemeten kwaliteit waarde',2,0,1),(1536,'2022-06-16 14:30:50',7.87,'Gemeten pH-waarde',3,0,2),(1537,'2022-06-16 14:31:02',28.25,'Gemeten temperatuur',1,0,2),(1538,'2022-06-16 14:31:02',0,'Gemeten kwaliteit waarde',2,0,1),(1539,'2022-06-16 14:31:02',7.84,'Gemeten pH-waarde',3,0,2),(1540,'2022-06-16 14:31:14',28.19,'Gemeten temperatuur',1,0,2),(1541,'2022-06-16 14:31:14',0,'Gemeten kwaliteit waarde',2,0,1),(1542,'2022-06-16 14:31:14',7.87,'Gemeten pH-waarde',3,0,2),(1543,'2022-06-16 14:31:26',28.19,'Gemeten temperatuur',1,0,2),(1544,'2022-06-16 14:31:26',0,'Gemeten kwaliteit waarde',2,0,1),(1545,'2022-06-16 14:31:26',7.87,'Gemeten pH-waarde',3,0,2),(1546,'2022-06-16 14:31:38',28.19,'Gemeten temperatuur',1,0,2),(1547,'2022-06-16 14:31:38',0,'Gemeten kwaliteit waarde',2,0,1),(1548,'2022-06-16 14:31:38',7.87,'Gemeten pH-waarde',3,0,2),(1549,'2022-06-16 14:31:50',28.19,'Gemeten temperatuur',1,0,2),(1550,'2022-06-16 14:31:50',0,'Gemeten kwaliteit waarde',2,0,1),(1551,'2022-06-16 14:31:50',7.86,'Gemeten pH-waarde',3,0,2),(1552,'2022-06-16 14:32:02',28.19,'Gemeten temperatuur',1,0,2),(1553,'2022-06-16 14:32:02',0,'Gemeten kwaliteit waarde',2,0,1),(1554,'2022-06-16 14:32:02',7.86,'Gemeten pH-waarde',3,0,2),(1555,'2022-06-16 14:32:13',28.19,'Gemeten temperatuur',1,0,2),(1556,'2022-06-16 14:32:13',0,'Gemeten kwaliteit waarde',2,0,1),(1557,'2022-06-16 14:32:13',7.87,'Gemeten pH-waarde',3,0,2),(1558,'2022-06-16 14:32:25',28.19,'Gemeten temperatuur',1,0,2),(1559,'2022-06-16 14:32:25',0,'Gemeten kwaliteit waarde',2,0,1),(1560,'2022-06-16 14:32:25',7.87,'Gemeten pH-waarde',3,0,2),(1561,'2022-06-16 14:32:37',28.19,'Gemeten temperatuur',1,0,2),(1562,'2022-06-16 14:32:37',0,'Gemeten kwaliteit waarde',2,0,1),(1563,'2022-06-16 14:32:37',7.87,'Gemeten pH-waarde',3,0,2),(1564,'2022-06-16 14:32:49',28.19,'Gemeten temperatuur',1,0,2),(1565,'2022-06-16 14:32:49',0,'Gemeten kwaliteit waarde',2,0,1),(1566,'2022-06-16 14:32:49',7.86,'Gemeten pH-waarde',3,0,2),(1567,'2022-06-16 14:33:01',28.19,'Gemeten temperatuur',1,0,2),(1568,'2022-06-16 14:33:01',0,'Gemeten kwaliteit waarde',2,0,1),(1569,'2022-06-16 14:33:01',7.86,'Gemeten pH-waarde',3,0,2),(1570,'2022-06-16 14:33:13',28.19,'Gemeten temperatuur',1,0,2),(1571,'2022-06-16 14:33:13',0,'Gemeten kwaliteit waarde',2,0,1),(1572,'2022-06-16 14:33:13',7.85,'Gemeten pH-waarde',3,0,2),(1573,'2022-06-16 14:33:25',28.19,'Gemeten temperatuur',1,0,2),(1574,'2022-06-16 14:33:25',0,'Gemeten kwaliteit waarde',2,0,1),(1575,'2022-06-16 14:33:25',7.86,'Gemeten pH-waarde',3,0,2),(1576,'2022-06-16 14:37:22',28.31,'Gemeten temperatuur',1,0,2),(1577,'2022-06-16 14:37:22',0,'Gemeten kwaliteit waarde',2,0,1),(1578,'2022-06-16 14:37:22',7.88,'Gemeten pH-waarde',3,0,2),(1579,'2022-06-16 14:37:33',28.31,'Gemeten temperatuur',1,0,2),(1580,'2022-06-16 14:37:33',0,'Gemeten kwaliteit waarde',2,0,1),(1581,'2022-06-16 14:37:33',7.86,'Gemeten pH-waarde',3,0,2),(1582,'2022-06-16 14:37:45',28.31,'Gemeten temperatuur',1,0,2),(1583,'2022-06-16 14:37:45',0,'Gemeten kwaliteit waarde',2,0,1),(1584,'2022-06-16 14:37:45',7.87,'Gemeten pH-waarde',3,0,2),(1585,'2022-06-16 14:37:57',28.31,'Gemeten temperatuur',1,0,2),(1586,'2022-06-16 14:37:57',0,'Gemeten kwaliteit waarde',2,0,1),(1587,'2022-06-16 14:37:57',7.86,'Gemeten pH-waarde',3,0,2),(1588,'2022-06-16 14:38:09',28.31,'Gemeten temperatuur',1,0,2),(1589,'2022-06-16 14:38:09',0,'Gemeten kwaliteit waarde',2,0,1),(1590,'2022-06-16 14:38:09',7.87,'Gemeten pH-waarde',3,0,2),(1591,'2022-06-16 14:38:21',28.31,'Gemeten temperatuur',1,0,2),(1592,'2022-06-16 14:38:21',0,'Gemeten kwaliteit waarde',2,0,1),(1593,'2022-06-16 14:38:21',7.87,'Gemeten pH-waarde',3,0,2),(1594,'2022-06-16 14:38:33',28.31,'Gemeten temperatuur',1,0,2),(1595,'2022-06-16 14:38:33',0,'Gemeten kwaliteit waarde',2,0,1),(1596,'2022-06-16 14:38:33',7.88,'Gemeten pH-waarde',3,0,2),(1597,'2022-06-16 14:38:45',28.31,'Gemeten temperatuur',1,0,2),(1598,'2022-06-16 14:38:45',0,'Gemeten kwaliteit waarde',2,0,1),(1599,'2022-06-16 14:38:45',7.87,'Gemeten pH-waarde',3,0,2),(1600,'2022-06-16 14:38:57',28.31,'Gemeten temperatuur',1,0,2),(1601,'2022-06-16 14:38:57',0,'Gemeten kwaliteit waarde',2,0,1),(1602,'2022-06-16 14:38:57',7.88,'Gemeten pH-waarde',3,0,2),(1603,'2022-06-16 14:39:09',28.31,'Gemeten temperatuur',1,0,2),(1604,'2022-06-16 14:39:09',0,'Gemeten kwaliteit waarde',2,0,1),(1605,'2022-06-16 14:39:09',7.87,'Gemeten pH-waarde',3,0,2),(1606,'2022-06-16 14:39:20',28.31,'Gemeten temperatuur',1,0,2),(1607,'2022-06-16 14:39:20',0,'Gemeten kwaliteit waarde',2,0,1),(1608,'2022-06-16 14:39:20',7.88,'Gemeten pH-waarde',3,0,2),(1609,'2022-06-16 14:39:32',28.31,'Gemeten temperatuur',1,0,2),(1610,'2022-06-16 14:39:32',0,'Gemeten kwaliteit waarde',2,0,1),(1611,'2022-06-16 14:39:32',7.88,'Gemeten pH-waarde',3,0,2),(1612,'2022-06-16 14:39:44',28.31,'Gemeten temperatuur',1,0,2),(1613,'2022-06-16 14:39:44',0,'Gemeten kwaliteit waarde',2,0,1),(1614,'2022-06-16 14:39:44',7.89,'Gemeten pH-waarde',3,0,2),(1615,'2022-06-16 14:39:56',28.31,'Gemeten temperatuur',1,0,2),(1616,'2022-06-16 14:39:56',0,'Gemeten kwaliteit waarde',2,0,1),(1617,'2022-06-16 14:39:56',7.89,'Gemeten pH-waarde',3,0,2),(1618,'2022-06-16 14:40:08',28.31,'Gemeten temperatuur',1,0,2),(1619,'2022-06-16 14:40:08',0,'Gemeten kwaliteit waarde',2,0,1),(1620,'2022-06-16 14:40:08',7.87,'Gemeten pH-waarde',3,0,2),(1621,'2022-06-16 14:40:20',28.31,'Gemeten temperatuur',1,0,2),(1622,'2022-06-16 14:40:20',0,'Gemeten kwaliteit waarde',2,0,1),(1623,'2022-06-16 14:40:20',7.87,'Gemeten pH-waarde',3,0,2),(1624,'2022-06-16 14:40:32',28.31,'Gemeten temperatuur',1,0,2),(1625,'2022-06-16 14:40:32',0,'Gemeten kwaliteit waarde',2,0,1),(1626,'2022-06-16 14:40:32',7.88,'Gemeten pH-waarde',3,0,2),(1627,'2022-06-16 14:40:44',28.31,'Gemeten temperatuur',1,0,2),(1628,'2022-06-16 14:40:44',0,'Gemeten kwaliteit waarde',2,0,1),(1629,'2022-06-16 14:40:44',7.87,'Gemeten pH-waarde',3,0,2),(1630,'2022-06-16 14:40:56',28.31,'Gemeten temperatuur',1,0,2),(1631,'2022-06-16 14:40:56',0,'Gemeten kwaliteit waarde',2,0,1),(1632,'2022-06-16 14:40:56',7.86,'Gemeten pH-waarde',3,0,2),(1633,'2022-06-16 14:41:08',28.31,'Gemeten temperatuur',1,0,2),(1634,'2022-06-16 14:41:08',0,'Gemeten kwaliteit waarde',2,0,1),(1635,'2022-06-16 14:41:08',7.87,'Gemeten pH-waarde',3,0,2),(1636,'2022-06-16 14:41:20',28.31,'Gemeten temperatuur',1,0,2),(1637,'2022-06-16 14:41:20',0,'Gemeten kwaliteit waarde',2,0,1),(1638,'2022-06-16 14:41:20',7.87,'Gemeten pH-waarde',3,0,2),(1639,'2022-06-16 14:41:31',28.31,'Gemeten temperatuur',1,0,2),(1640,'2022-06-16 14:41:31',0,'Gemeten kwaliteit waarde',2,0,1),(1641,'2022-06-16 14:41:31',7.86,'Gemeten pH-waarde',3,0,2),(1642,'2022-06-16 14:41:43',28.31,'Gemeten temperatuur',1,0,2),(1643,'2022-06-16 14:41:43',0,'Gemeten kwaliteit waarde',2,0,1),(1644,'2022-06-16 14:41:43',7.86,'Gemeten pH-waarde',3,0,2),(1645,'2022-06-16 14:41:55',28.31,'Gemeten temperatuur',1,0,2),(1646,'2022-06-16 14:41:55',0,'Gemeten kwaliteit waarde',2,0,1),(1647,'2022-06-16 14:41:55',7.85,'Gemeten pH-waarde',3,0,2),(1648,'2022-06-16 14:42:07',28.31,'Gemeten temperatuur',1,0,2),(1649,'2022-06-16 14:42:07',0,'Gemeten kwaliteit waarde',2,0,1),(1650,'2022-06-16 14:42:07',7.87,'Gemeten pH-waarde',3,0,2),(1651,'2022-06-16 14:42:19',28.31,'Gemeten temperatuur',1,0,2),(1652,'2022-06-16 14:42:19',0,'Gemeten kwaliteit waarde',2,0,1),(1653,'2022-06-16 14:42:19',7.85,'Gemeten pH-waarde',3,0,2),(1654,'2022-06-16 14:42:31',28.31,'Gemeten temperatuur',1,0,2),(1655,'2022-06-16 14:42:31',0,'Gemeten kwaliteit waarde',2,0,1),(1656,'2022-06-16 14:42:31',7.86,'Gemeten pH-waarde',3,0,2),(1657,'2022-06-16 14:42:43',28.31,'Gemeten temperatuur',1,0,2),(1658,'2022-06-16 14:42:43',0,'Gemeten kwaliteit waarde',2,0,1),(1659,'2022-06-16 14:42:43',7.87,'Gemeten pH-waarde',3,0,2),(1660,'2022-06-16 14:42:55',28.31,'Gemeten temperatuur',1,0,2),(1661,'2022-06-16 14:42:55',0,'Gemeten kwaliteit waarde',2,0,1),(1662,'2022-06-16 14:42:55',7.85,'Gemeten pH-waarde',3,0,2),(1663,'2022-06-16 14:43:07',28.31,'Gemeten temperatuur',1,0,2),(1664,'2022-06-16 14:43:07',0,'Gemeten kwaliteit waarde',2,0,1),(1665,'2022-06-16 14:43:07',7.84,'Gemeten pH-waarde',3,0,2),(1666,'2022-06-16 14:43:19',28.31,'Gemeten temperatuur',1,0,2),(1667,'2022-06-16 14:43:19',0,'Gemeten kwaliteit waarde',2,0,1),(1668,'2022-06-16 14:43:19',7.87,'Gemeten pH-waarde',3,0,2),(1669,'2022-06-16 18:21:13',26,'Gemeten temperatuur',1,0,2),(1670,'2022-06-16 18:21:13',0,'Gemeten kwaliteit waarde',2,0,1),(1671,'2022-06-16 18:21:13',7.49,'Gemeten pH-waarde',3,0,2),(1672,'2022-06-16 18:21:25',26,'Gemeten temperatuur',1,0,2),(1673,'2022-06-16 18:21:25',0,'Gemeten kwaliteit waarde',2,0,1),(1674,'2022-06-16 18:21:25',7.51,'Gemeten pH-waarde',3,0,2),(1675,'2022-06-16 18:21:37',26,'Gemeten temperatuur',1,0,2),(1676,'2022-06-16 18:21:37',0,'Gemeten kwaliteit waarde',2,0,1),(1677,'2022-06-16 18:21:37',7.47,'Gemeten pH-waarde',3,0,2),(1678,'2022-06-16 18:21:49',26,'Gemeten temperatuur',1,0,2),(1679,'2022-06-16 18:21:49',0,'Gemeten kwaliteit waarde',2,0,1),(1680,'2022-06-16 18:21:49',7.46,'Gemeten pH-waarde',3,0,2),(1681,'2022-06-16 18:22:00',26,'Gemeten temperatuur',1,0,2),(1682,'2022-06-16 18:22:00',0,'Gemeten kwaliteit waarde',2,0,1),(1683,'2022-06-16 18:22:00',7.48,'Gemeten pH-waarde',3,0,2),(1684,'2022-06-16 18:37:43',25.81,'Gemeten temperatuur',1,0,2),(1685,'2022-06-16 18:37:43',0,'Gemeten kwaliteit waarde',2,0,1),(1686,'2022-06-16 18:37:43',7.44,'Gemeten pH-waarde',3,0,2),(1687,'2022-06-16 18:37:54',25.81,'Gemeten temperatuur',1,0,2),(1688,'2022-06-16 18:37:54',0,'Gemeten kwaliteit waarde',2,0,1),(1689,'2022-06-16 18:37:54',7.49,'Gemeten pH-waarde',3,0,2),(1690,'2022-06-16 18:38:06',25.81,'Gemeten temperatuur',1,0,2),(1691,'2022-06-16 18:38:06',0,'Gemeten kwaliteit waarde',2,0,1),(1692,'2022-06-16 18:38:06',7.47,'Gemeten pH-waarde',3,0,2),(1693,'2022-06-16 18:38:17',25.88,'Gemeten temperatuur',1,0,2),(1694,'2022-06-16 18:38:17',0,'Gemeten kwaliteit waarde',2,0,1),(1695,'2022-06-16 18:38:17',7.44,'Gemeten pH-waarde',3,0,2),(1696,'2022-06-16 18:38:28',25.88,'Gemeten temperatuur',1,0,2),(1697,'2022-06-16 18:38:28',0,'Gemeten kwaliteit waarde',2,0,1),(1698,'2022-06-16 18:38:28',7.48,'Gemeten pH-waarde',3,0,2),(1699,'2022-06-16 18:38:40',25.94,'Gemeten temperatuur',1,0,2),(1700,'2022-06-16 18:38:40',0,'Gemeten kwaliteit waarde',2,0,1),(1701,'2022-06-16 18:38:40',7.47,'Gemeten pH-waarde',3,0,2),(1702,'2022-06-16 18:38:51',25.94,'Gemeten temperatuur',1,0,2),(1703,'2022-06-16 18:38:51',0,'Gemeten kwaliteit waarde',2,0,1),(1704,'2022-06-16 18:38:51',7.42,'Gemeten pH-waarde',3,0,2),(1705,'2022-06-16 18:39:02',25.94,'Gemeten temperatuur',1,0,2),(1706,'2022-06-16 18:39:02',0,'Gemeten kwaliteit waarde',2,0,1),(1707,'2022-06-16 18:39:02',7.44,'Gemeten pH-waarde',3,0,2),(1708,'2022-06-16 18:39:13',25.94,'Gemeten temperatuur',1,0,2),(1709,'2022-06-16 18:39:13',0,'Gemeten kwaliteit waarde',2,0,1),(1710,'2022-06-16 18:39:13',7.46,'Gemeten pH-waarde',3,0,2),(1711,'2022-06-16 18:39:25',25.88,'Gemeten temperatuur',1,0,2),(1712,'2022-06-16 18:39:25',0,'Gemeten kwaliteit waarde',2,0,1),(1713,'2022-06-16 18:39:25',7.42,'Gemeten pH-waarde',3,0,2),(1714,'2022-06-16 18:39:36',25.94,'Gemeten temperatuur',1,0,2),(1715,'2022-06-16 18:39:36',0,'Gemeten kwaliteit waarde',2,0,1),(1716,'2022-06-16 18:39:36',7.42,'Gemeten pH-waarde',3,0,2),(1717,'2022-06-16 18:39:47',25.88,'Gemeten temperatuur',1,0,2),(1718,'2022-06-16 18:39:47',0,'Gemeten kwaliteit waarde',2,0,1),(1719,'2022-06-16 18:39:47',7.42,'Gemeten pH-waarde',3,0,2),(1720,'2022-06-16 18:39:59',25.94,'Gemeten temperatuur',1,0,2),(1721,'2022-06-16 18:39:59',0,'Gemeten kwaliteit waarde',2,0,1),(1722,'2022-06-16 18:39:59',7.47,'Gemeten pH-waarde',3,0,2),(1723,'2022-06-16 18:40:10',25.94,'Gemeten temperatuur',1,0,2),(1724,'2022-06-16 18:40:10',0,'Gemeten kwaliteit waarde',2,0,1),(1725,'2022-06-16 18:40:10',7.43,'Gemeten pH-waarde',3,0,2),(1726,'2022-06-16 18:40:21',25.94,'Gemeten temperatuur',1,0,2),(1727,'2022-06-16 18:40:21',0,'Gemeten kwaliteit waarde',2,0,1),(1728,'2022-06-16 18:40:21',7.42,'Gemeten pH-waarde',3,0,2),(1729,'2022-06-16 18:40:33',25.94,'Gemeten temperatuur',1,0,2),(1730,'2022-06-16 18:40:33',0,'Gemeten kwaliteit waarde',2,0,1),(1731,'2022-06-16 18:40:33',7.45,'Gemeten pH-waarde',3,0,2),(1732,'2022-06-16 18:40:45',25.88,'Gemeten temperatuur',1,0,2),(1733,'2022-06-16 18:40:45',0,'Gemeten kwaliteit waarde',2,0,1),(1734,'2022-06-16 18:40:45',7.44,'Gemeten pH-waarde',3,0,2),(1735,'2022-06-16 18:40:57',25.94,'Gemeten temperatuur',1,0,2),(1736,'2022-06-16 18:40:57',0,'Gemeten kwaliteit waarde',2,0,1),(1737,'2022-06-16 18:40:57',7.45,'Gemeten pH-waarde',3,0,2),(1738,'2022-06-16 18:41:09',25.88,'Gemeten temperatuur',1,0,2),(1739,'2022-06-16 18:41:09',0,'Gemeten kwaliteit waarde',2,0,1),(1740,'2022-06-16 18:41:09',7.44,'Gemeten pH-waarde',3,0,2),(1741,'2022-06-16 18:41:21',25.94,'Gemeten temperatuur',1,0,2),(1742,'2022-06-16 18:41:21',0,'Gemeten kwaliteit waarde',2,0,1),(1743,'2022-06-16 18:41:21',7.42,'Gemeten pH-waarde',3,0,2),(1744,'2022-06-16 18:41:36',25.88,'Gemeten temperatuur',1,0,2),(1745,'2022-06-16 18:41:36',0,'Gemeten kwaliteit waarde',2,0,1),(1746,'2022-06-16 18:41:36',7.45,'Gemeten pH-waarde',3,0,2),(1747,'2022-06-16 18:41:47',25.88,'Gemeten temperatuur',1,0,2),(1748,'2022-06-16 18:41:47',0,'Gemeten kwaliteit waarde',2,0,1),(1749,'2022-06-16 18:41:47',7.42,'Gemeten pH-waarde',3,0,2),(1750,'2022-06-16 18:41:58',25.88,'Gemeten temperatuur',1,0,2),(1751,'2022-06-16 18:41:58',0,'Gemeten kwaliteit waarde',2,0,1),(1752,'2022-06-16 18:41:58',7.44,'Gemeten pH-waarde',3,0,2),(1753,'2022-06-16 18:42:10',25.88,'Gemeten temperatuur',1,0,2),(1754,'2022-06-16 18:42:10',0,'Gemeten kwaliteit waarde',2,0,1),(1755,'2022-06-16 18:42:10',7.45,'Gemeten pH-waarde',3,0,2),(1756,'2022-06-16 18:42:22',25.88,'Gemeten temperatuur',1,0,2),(1757,'2022-06-16 18:42:22',0,'Gemeten kwaliteit waarde',2,0,1),(1758,'2022-06-16 18:42:22',7.46,'Gemeten pH-waarde',3,0,2),(1759,'2022-06-16 18:42:34',25.88,'Gemeten temperatuur',1,0,2),(1760,'2022-06-16 18:42:34',0,'Gemeten kwaliteit waarde',2,0,1),(1761,'2022-06-16 18:42:34',7.44,'Gemeten pH-waarde',3,0,2),(1762,'2022-06-16 18:42:46',25.88,'Gemeten temperatuur',1,0,2),(1763,'2022-06-16 18:42:46',0,'Gemeten kwaliteit waarde',2,0,1),(1764,'2022-06-16 18:42:46',7.46,'Gemeten pH-waarde',3,0,2),(1765,'2022-06-16 18:42:58',25.88,'Gemeten temperatuur',1,0,2),(1766,'2022-06-16 18:42:58',0,'Gemeten kwaliteit waarde',2,0,1),(1767,'2022-06-16 18:42:58',7.42,'Gemeten pH-waarde',3,0,2),(1768,'2022-06-16 18:43:09',25.88,'Gemeten temperatuur',1,0,2),(1769,'2022-06-16 18:43:09',0,'Gemeten kwaliteit waarde',2,0,1),(1770,'2022-06-16 18:43:09',7.46,'Gemeten pH-waarde',3,0,2),(1771,'2022-06-16 20:50:17',26.06,'Gemeten temperatuur',1,0,2),(1772,'2022-06-16 20:50:17',0,'Gemeten kwaliteit waarde',2,0,1),(1773,'2022-06-16 20:50:17',8.68,'Gemeten pH-waarde',3,0,2),(1774,'2022-06-16 20:50:29',26.06,'Gemeten temperatuur',1,0,2),(1775,'2022-06-16 20:50:29',0,'Gemeten kwaliteit waarde',2,0,1),(1776,'2022-06-16 20:50:29',8.68,'Gemeten pH-waarde',3,0,2),(1777,'2022-06-16 20:50:41',26.06,'Gemeten temperatuur',1,0,2),(1778,'2022-06-16 20:50:41',0,'Gemeten kwaliteit waarde',2,0,1),(1779,'2022-06-16 20:50:41',8.68,'Gemeten pH-waarde',3,0,2),(1780,'2022-06-16 20:50:52',26.06,'Gemeten temperatuur',1,0,2),(1781,'2022-06-16 20:50:52',0,'Gemeten kwaliteit waarde',2,0,1),(1782,'2022-06-16 20:50:52',8.68,'Gemeten pH-waarde',3,0,2),(1783,'2022-06-16 20:51:04',26.06,'Gemeten temperatuur',1,0,2),(1784,'2022-06-16 20:51:04',0,'Gemeten kwaliteit waarde',2,0,1),(1785,'2022-06-16 20:51:04',7.51,'Gemeten pH-waarde',3,0,2),(1786,'2022-06-16 20:51:16',26.06,'Gemeten temperatuur',1,0,2),(1787,'2022-06-16 20:51:16',0,'Gemeten kwaliteit waarde',2,0,1),(1788,'2022-06-16 20:51:16',7.51,'Gemeten pH-waarde',3,0,2),(1789,'2022-06-16 20:51:28',26.06,'Gemeten temperatuur',1,0,2),(1790,'2022-06-16 20:51:28',0,'Gemeten kwaliteit waarde',2,0,1),(1791,'2022-06-16 20:51:28',7.51,'Gemeten pH-waarde',3,0,2),(1792,'2022-06-16 21:36:49',26.06,'Gemeten temperatuur',1,0,2),(1793,'2022-06-16 21:36:49',212,'Gemeten kwaliteit waarde',2,0,2),(1794,'2022-06-16 21:36:49',7.65,'Gemeten pH-waarde',3,0,2),(1795,'2022-06-16 21:54:13',26.25,'Gemeten temperatuur',1,0,2),(1796,'2022-06-16 21:54:13',0,'Gemeten kwaliteit waarde',2,0,1),(1797,'2022-06-16 21:54:13',7.48,'Gemeten pH-waarde',3,0,2),(1798,'2022-06-16 21:54:25',26.19,'Gemeten temperatuur',1,0,2),(1799,'2022-06-16 21:54:25',0,'Gemeten kwaliteit waarde',2,0,1),(1800,'2022-06-16 21:54:25',7.53,'Gemeten pH-waarde',3,0,2),(1801,'2022-06-17 08:42:21',25.69,'Gemeten temperatuur',1,0,2),(1802,'2022-06-17 08:42:21',0,'Gemeten kwaliteit waarde',2,0,1),(1803,'2022-06-17 08:42:21',7.48,'Gemeten pH-waarde',3,0,2),(1804,'2022-06-17 08:45:09',25.88,'Gemeten temperatuur',1,0,2),(1805,'2022-06-17 08:45:09',0,'Gemeten kwaliteit waarde',2,0,1),(1806,'2022-06-17 08:45:09',7.43,'Gemeten pH-waarde',3,0,2),(1807,'2022-06-17 08:53:41',26.31,'Gemeten temperatuur',1,0,2),(1808,'2022-06-17 08:53:41',0,'Gemeten kwaliteit waarde',2,0,1),(1809,'2022-06-17 08:53:41',7.43,'Gemeten pH-waarde',3,0,2),(1810,'2022-06-17 08:53:53',26.38,'Gemeten temperatuur',1,0,2),(1811,'2022-06-17 08:53:53',0,'Gemeten kwaliteit waarde',2,0,1),(1812,'2022-06-17 09:34:54',28.62,'Gemeten temperatuur',1,0,2),(1813,'2022-06-17 09:34:54',0,'Gemeten kwaliteit waarde',2,0,1),(1814,'2022-06-17 09:34:54',7.65,'Gemeten pH-waarde',3,0,2),(1815,'2022-06-17 09:35:06',28.62,'Gemeten temperatuur',1,0,2),(1816,'2022-06-17 09:35:06',0,'Gemeten kwaliteit waarde',2,0,1),(1817,'2022-06-17 09:35:06',7.7,'Gemeten pH-waarde',3,0,2),(1818,'2022-06-17 09:35:18',28.62,'Gemeten temperatuur',1,0,2),(1819,'2022-06-17 09:35:18',0,'Gemeten kwaliteit waarde',2,0,1),(1820,'2022-06-17 09:35:18',7.7,'Gemeten pH-waarde',3,0,2),(1821,'2022-06-17 09:35:30',28.62,'Gemeten temperatuur',1,0,2),(1822,'2022-06-17 09:35:30',0,'Gemeten kwaliteit waarde',2,0,1),(1823,'2022-06-17 09:35:30',7.69,'Gemeten pH-waarde',3,0,2),(1824,'2022-06-17 09:35:42',28.62,'Gemeten temperatuur',1,0,2),(1825,'2022-06-17 09:35:42',0,'Gemeten kwaliteit waarde',2,0,1),(1826,'2022-06-17 09:35:42',7.65,'Gemeten pH-waarde',3,0,2),(1827,'2022-06-17 09:35:54',28.56,'Gemeten temperatuur',1,0,2),(1828,'2022-06-17 09:35:54',0,'Gemeten kwaliteit waarde',2,0,1),(1829,'2022-06-17 09:35:54',7.62,'Gemeten pH-waarde',3,0,2),(1830,'2022-06-17 09:36:06',28.56,'Gemeten temperatuur',1,0,2),(1831,'2022-06-17 09:36:06',0,'Gemeten kwaliteit waarde',2,0,1),(1832,'2022-06-17 09:36:06',7.62,'Gemeten pH-waarde',3,0,2),(1833,'2022-06-17 09:36:18',28.62,'Gemeten temperatuur',1,0,2),(1834,'2022-06-17 09:36:18',0,'Gemeten kwaliteit waarde',2,0,1),(1835,'2022-06-17 09:36:18',7.67,'Gemeten pH-waarde',3,0,2),(1836,'2022-06-17 09:36:30',28.62,'Gemeten temperatuur',1,0,2),(1837,'2022-06-17 09:36:30',0,'Gemeten kwaliteit waarde',2,0,1),(1838,'2022-06-17 09:36:30',7.66,'Gemeten pH-waarde',3,0,2),(1839,'2022-06-17 09:36:42',28.62,'Gemeten temperatuur',1,0,2),(1840,'2022-06-17 09:36:42',0,'Gemeten kwaliteit waarde',2,0,1),(1841,'2022-06-17 09:36:42',7.67,'Gemeten pH-waarde',3,0,2),(1842,'2022-06-17 09:36:54',28.62,'Gemeten temperatuur',1,0,2),(1843,'2022-06-17 09:36:54',0,'Gemeten kwaliteit waarde',2,0,1),(1844,'2022-06-17 09:36:54',7.64,'Gemeten pH-waarde',3,0,2),(1845,'2022-06-17 09:37:05',28.69,'Gemeten temperatuur',1,0,2),(1846,'2022-06-17 09:37:05',0,'Gemeten kwaliteit waarde',2,0,1),(1847,'2022-06-17 09:37:05',7.61,'Gemeten pH-waarde',3,0,2),(1848,'2022-06-17 09:37:17',28.62,'Gemeten temperatuur',1,0,2),(1849,'2022-06-17 09:37:17',0,'Gemeten kwaliteit waarde',2,0,1),(1850,'2022-06-17 09:37:17',7.6,'Gemeten pH-waarde',3,0,2),(1851,'2022-06-17 09:37:29',28.56,'Gemeten temperatuur',1,0,2),(1852,'2022-06-17 09:37:29',0,'Gemeten kwaliteit waarde',2,0,1),(1853,'2022-06-17 09:37:29',7.63,'Gemeten pH-waarde',3,0,2),(1854,'2022-06-17 09:37:41',28.56,'Gemeten temperatuur',1,0,2),(1855,'2022-06-17 09:37:41',0,'Gemeten kwaliteit waarde',2,0,1),(1856,'2022-06-17 09:37:41',7.63,'Gemeten pH-waarde',3,0,2),(1857,'2022-06-17 09:37:53',28.56,'Gemeten temperatuur',1,0,2),(1858,'2022-06-17 09:37:53',0,'Gemeten kwaliteit waarde',2,0,1),(1859,'2022-06-17 09:37:53',7.63,'Gemeten pH-waarde',3,0,2),(1860,'2022-06-17 09:38:05',28.56,'Gemeten temperatuur',1,0,2),(1861,'2022-06-17 09:38:05',0,'Gemeten kwaliteit waarde',2,0,1),(1862,'2022-06-17 09:38:05',7.66,'Gemeten pH-waarde',3,0,2),(1863,'2022-06-17 09:38:17',28.56,'Gemeten temperatuur',1,0,2),(1864,'2022-06-17 09:38:17',0,'Gemeten kwaliteit waarde',2,0,1),(1865,'2022-06-17 09:38:17',7.64,'Gemeten pH-waarde',3,0,2),(1866,'2022-06-17 09:38:29',28.5,'Gemeten temperatuur',1,0,2),(1867,'2022-06-17 09:38:29',0,'Gemeten kwaliteit waarde',2,0,1),(1868,'2022-06-17 09:38:29',7.59,'Gemeten pH-waarde',3,0,2),(1869,'2022-06-17 09:38:41',28.5,'Gemeten temperatuur',1,0,2),(1870,'2022-06-17 09:38:41',0,'Gemeten kwaliteit waarde',2,0,1),(1871,'2022-06-17 09:38:41',7.58,'Gemeten pH-waarde',3,0,2),(1872,'2022-06-17 09:38:53',28.5,'Gemeten temperatuur',1,0,2),(1873,'2022-06-17 09:38:53',0,'Gemeten kwaliteit waarde',2,0,1),(1874,'2022-06-17 09:38:53',7.59,'Gemeten pH-waarde',3,0,2),(1875,'2022-06-17 09:39:05',28.5,'Gemeten temperatuur',1,0,2),(1876,'2022-06-17 09:39:05',0,'Gemeten kwaliteit waarde',2,0,1),(1877,'2022-06-17 09:39:05',7.63,'Gemeten pH-waarde',3,0,2),(1878,'2022-06-17 09:39:16',28.5,'Gemeten temperatuur',1,0,2),(1879,'2022-06-17 09:39:16',0,'Gemeten kwaliteit waarde',2,0,1),(1880,'2022-06-17 09:39:16',7.63,'Gemeten pH-waarde',3,0,2),(1881,'2022-06-17 09:39:28',28.5,'Gemeten temperatuur',1,0,2),(1882,'2022-06-17 09:39:28',0,'Gemeten kwaliteit waarde',2,0,1),(1883,'2022-06-17 09:39:28',7.58,'Gemeten pH-waarde',3,0,2),(1884,'2022-06-17 09:39:40',28.5,'Gemeten temperatuur',1,0,2),(1885,'2022-06-17 09:39:40',0,'Gemeten kwaliteit waarde',2,0,1),(1886,'2022-06-17 09:39:40',7.59,'Gemeten pH-waarde',3,0,2),(1887,'2022-06-17 09:39:52',28.5,'Gemeten temperatuur',1,0,2),(1888,'2022-06-17 09:39:52',0,'Gemeten kwaliteit waarde',2,0,1),(1889,'2022-06-17 09:39:52',7.58,'Gemeten pH-waarde',3,0,2),(1890,'2022-06-17 09:40:04',28.5,'Gemeten temperatuur',1,0,2),(1891,'2022-06-17 09:40:04',0,'Gemeten kwaliteit waarde',2,0,1),(1892,'2022-06-17 09:40:04',7.57,'Gemeten pH-waarde',3,0,2),(1893,'2022-06-17 09:40:16',28.5,'Gemeten temperatuur',1,0,2),(1894,'2022-06-17 09:40:16',0,'Gemeten kwaliteit waarde',2,0,1),(1895,'2022-06-17 09:40:16',7.58,'Gemeten pH-waarde',3,0,2),(1896,'2022-06-17 09:40:28',28.5,'Gemeten temperatuur',1,0,2),(1897,'2022-06-17 09:40:28',0,'Gemeten kwaliteit waarde',2,0,1),(1898,'2022-06-17 09:40:28',7.6,'Gemeten pH-waarde',3,0,2),(1899,'2022-06-17 09:40:40',28.5,'Gemeten temperatuur',1,0,2),(1900,'2022-06-17 09:40:40',0,'Gemeten kwaliteit waarde',2,0,1),(1901,'2022-06-17 09:40:40',7.6,'Gemeten pH-waarde',3,0,2),(1902,'2022-06-17 09:40:52',28.56,'Gemeten temperatuur',1,0,2),(1903,'2022-06-17 09:40:52',0,'Gemeten kwaliteit waarde',2,0,1),(1904,'2022-06-17 09:40:52',7.6,'Gemeten pH-waarde',3,0,2),(1905,'2022-06-17 09:41:04',28.62,'Gemeten temperatuur',1,0,2),(1906,'2022-06-17 09:41:04',0,'Gemeten kwaliteit waarde',2,0,1),(1907,'2022-06-17 09:41:04',7.55,'Gemeten pH-waarde',3,0,2),(1908,'2022-06-17 09:49:18',28.75,'Gemeten temperatuur',1,0,2),(1909,'2022-06-17 09:49:18',0,'Gemeten kwaliteit waarde',2,0,1),(1910,'2022-06-17 09:49:18',7.59,'Gemeten pH-waarde',3,0,2),(1911,'2022-06-17 09:49:30',28.75,'Gemeten temperatuur',1,0,2),(1912,'2022-06-17 09:49:30',0,'Gemeten kwaliteit waarde',2,0,1),(1913,'2022-06-17 09:49:30',7.62,'Gemeten pH-waarde',3,0,2),(1914,'2022-06-17 09:49:42',28.69,'Gemeten temperatuur',1,0,2),(1915,'2022-06-17 09:49:42',0,'Gemeten kwaliteit waarde',2,0,1),(1916,'2022-06-17 09:49:42',7.6,'Gemeten pH-waarde',3,0,2),(1917,'2022-06-17 09:58:39',29.5,'Gemeten temperatuur',1,0,2),(1918,'2022-06-17 09:58:39',0,'Gemeten kwaliteit waarde',2,0,1),(1919,'2022-06-17 09:58:39',7.65,'Gemeten pH-waarde',3,0,2),(1920,'2022-06-17 09:58:51',29.25,'Gemeten temperatuur',1,0,2),(1921,'2022-06-17 09:58:51',0,'Gemeten kwaliteit waarde',2,0,1),(1922,'2022-06-17 09:58:51',7.68,'Gemeten pH-waarde',3,0,2),(1923,'2022-06-17 09:59:03',29.19,'Gemeten temperatuur',1,0,2),(1924,'2022-06-17 09:59:03',0,'Gemeten kwaliteit waarde',2,0,1),(1925,'2022-06-17 09:59:03',7.64,'Gemeten pH-waarde',3,0,2),(1926,'2022-06-17 09:59:15',29.12,'Gemeten temperatuur',1,0,2),(1927,'2022-06-17 09:59:15',0,'Gemeten kwaliteit waarde',2,0,1),(1928,'2022-06-17 09:59:15',7.68,'Gemeten pH-waarde',3,0,2),(1929,'2022-06-17 09:59:26',29.06,'Gemeten temperatuur',1,0,2),(1930,'2022-06-17 09:59:26',0,'Gemeten kwaliteit waarde',2,0,1),(1931,'2022-06-17 09:59:26',7.68,'Gemeten pH-waarde',3,0,2),(1932,'2022-06-17 10:49:59',28.81,'Gemeten temperatuur',1,0,2),(1933,'2022-06-17 10:49:59',0,'Gemeten kwaliteit waarde',2,0,1),(1934,'2022-06-17 10:49:59',7.62,'Gemeten pH-waarde',3,0,2),(1935,'2022-06-17 10:51:00',28.81,'Gemeten temperatuur',1,0,2),(1936,'2022-06-17 10:51:00',0,'Gemeten kwaliteit waarde',2,0,1),(1937,'2022-06-17 10:51:00',7.72,'Gemeten pH-waarde',3,0,2),(1938,'2022-06-17 10:52:02',28.88,'Gemeten temperatuur',1,0,2),(1939,'2022-06-17 10:52:02',0,'Gemeten kwaliteit waarde',2,0,1),(1940,'2022-06-17 10:52:02',7.57,'Gemeten pH-waarde',3,0,2),(1941,'2022-06-17 10:54:00',28.88,'Gemeten temperatuur',1,0,2),(1942,'2022-06-17 10:54:00',0,'Gemeten kwaliteit waarde',2,0,1),(1943,'2022-06-17 10:54:00',7.57,'Gemeten pH-waarde',3,0,2),(1944,'2022-06-17 10:55:02',28.88,'Gemeten temperatuur',1,0,2),(1945,'2022-06-17 10:55:02',229,'Gemeten kwaliteit waarde',2,0,2),(1946,'2022-06-17 10:55:02',7.66,'Gemeten pH-waarde',3,0,2),(1947,'2022-06-17 11:02:41',28.75,'Gemeten temperatuur',1,0,2),(1948,'2022-06-17 11:02:41',0,'Gemeten kwaliteit waarde',2,0,1),(1949,'2022-06-17 11:02:41',7.57,'Gemeten pH-waarde',3,0,2),(1950,'2022-06-17 11:03:42',28.75,'Gemeten temperatuur',1,0,2),(1951,'2022-06-17 11:03:42',0,'Gemeten kwaliteit waarde',2,0,1),(1952,'2022-06-17 11:03:42',7.59,'Gemeten pH-waarde',3,0,2),(1953,'2022-06-17 11:09:42',28.69,'Gemeten temperatuur',1,0,2),(1954,'2022-06-17 11:09:42',0,'Gemeten kwaliteit waarde',2,0,1),(1955,'2022-06-17 11:09:42',7.56,'Gemeten pH-waarde',3,0,2),(1956,'2022-06-17 11:10:44',28.69,'Gemeten temperatuur',1,0,2),(1957,'2022-06-17 11:10:44',0,'Gemeten kwaliteit waarde',2,0,1),(1958,'2022-06-17 11:10:44',7.62,'Gemeten pH-waarde',3,0,2),(1959,'2022-06-17 11:11:46',28.56,'Gemeten temperatuur',1,0,2),(1960,'2022-06-17 11:11:46',0,'Gemeten kwaliteit waarde',2,0,1),(1961,'2022-06-17 11:11:46',7.55,'Gemeten pH-waarde',3,0,2),(1962,'2022-06-17 11:23:29',28.5,'Gemeten temperatuur',1,0,2),(1963,'2022-06-17 11:23:29',0,'Gemeten kwaliteit waarde',2,0,1),(1964,'2022-06-17 11:23:29',7.59,'Gemeten pH-waarde',3,0,2),(1965,'2022-06-17 12:23:34',27.94,'Gemeten temperatuur',1,0,2),(1966,'2022-06-17 12:23:34',0,'Gemeten kwaliteit waarde',2,0,1),(1967,'2022-06-17 12:23:34',7.55,'Gemeten pH-waarde',3,0,2),(1968,'2022-06-17 12:24:36',27.94,'Gemeten temperatuur',1,0,2),(1969,'2022-06-17 12:24:36',0,'Gemeten kwaliteit waarde',2,0,1),(1970,'2022-06-17 12:24:36',7.59,'Gemeten pH-waarde',3,0,2),(1971,'2022-06-17 12:25:38',28,'Gemeten temperatuur',1,0,2),(1972,'2022-06-17 12:25:38',0,'Gemeten kwaliteit waarde',2,0,1),(1973,'2022-06-17 12:25:38',7.54,'Gemeten pH-waarde',3,0,2),(1974,'2022-06-17 12:26:40',28,'Gemeten temperatuur',1,0,2),(1975,'2022-06-17 12:26:40',0,'Gemeten kwaliteit waarde',2,0,1),(1976,'2022-06-17 12:26:40',7.61,'Gemeten pH-waarde',3,0,2),(1977,'2022-06-17 12:27:42',28,'Gemeten temperatuur',1,0,2),(1978,'2022-06-17 12:27:42',0,'Gemeten kwaliteit waarde',2,0,1),(1979,'2022-06-17 12:27:42',7.55,'Gemeten pH-waarde',3,0,2),(1980,'2022-06-17 12:28:44',28,'Gemeten temperatuur',1,0,2),(1981,'2022-06-17 12:28:44',0,'Gemeten kwaliteit waarde',2,0,1),(1982,'2022-06-17 12:28:44',7.54,'Gemeten pH-waarde',3,0,2),(1983,'2022-06-17 12:29:46',28,'Gemeten temperatuur',1,0,2),(1984,'2022-06-17 12:29:46',0,'Gemeten kwaliteit waarde',2,0,1),(1985,'2022-06-17 12:29:46',7.57,'Gemeten pH-waarde',3,0,2),(1986,'2022-06-17 12:30:48',28,'Gemeten temperatuur',1,0,2),(1987,'2022-06-17 12:30:48',0,'Gemeten kwaliteit waarde',2,0,1),(1988,'2022-06-17 12:30:48',7.56,'Gemeten pH-waarde',3,0,2),(1989,'2022-06-17 12:31:51',28,'Gemeten temperatuur',1,0,2),(1990,'2022-06-17 12:31:51',0,'Gemeten kwaliteit waarde',2,0,1),(1991,'2022-06-17 12:31:51',7.56,'Gemeten pH-waarde',3,0,2),(1992,'2022-06-17 12:32:53',28.25,'Gemeten temperatuur',1,0,2),(1993,'2022-06-17 12:32:53',0,'Gemeten kwaliteit waarde',2,0,1),(1994,'2022-06-17 12:32:53',7.64,'Gemeten pH-waarde',3,0,2),(1995,'2022-06-17 12:35:31',28.19,'Gemeten temperatuur',1,0,2),(1996,'2022-06-17 12:35:31',0,'Gemeten kwaliteit waarde',2,0,1),(1997,'2022-06-17 12:35:31',7.58,'Gemeten pH-waarde',3,0,2),(1998,'2022-06-17 12:36:33',29.81,'Gemeten temperatuur',1,0,2),(1999,'2022-06-17 12:36:33',0,'Gemeten kwaliteit waarde',2,0,1),(2000,'2022-06-17 12:36:33',7.58,'Gemeten pH-waarde',3,0,2),(2001,'2022-06-17 12:40:30',28.88,'Gemeten temperatuur',1,0,2),(2002,'2022-06-17 12:40:30',0,'Gemeten kwaliteit waarde',2,0,1),(2003,'2022-06-17 12:40:30',7.63,'Gemeten pH-waarde',3,0,2),(2004,'2022-06-17 12:42:05',28.62,'Gemeten temperatuur',1,0,2),(2005,'2022-06-17 12:42:05',0,'Gemeten kwaliteit waarde',2,0,1),(2006,'2022-06-17 12:42:05',7.58,'Gemeten pH-waarde',3,0,2),(2007,'2022-06-17 12:43:07',28.62,'Gemeten temperatuur',1,0,2),(2008,'2022-06-17 12:43:07',0,'Gemeten kwaliteit waarde',2,0,1),(2009,'2022-06-17 12:43:07',7.61,'Gemeten pH-waarde',3,0,2),(2010,'2022-06-17 12:44:09',32.81,'Gemeten temperatuur',1,0,2),(2011,'2022-06-17 12:44:09',0,'Gemeten kwaliteit waarde',2,0,1),(2012,'2022-06-17 12:44:09',7.59,'Gemeten pH-waarde',3,0,2),(2013,'2022-06-17 12:45:12',31.44,'Gemeten temperatuur',1,0,2),(2014,'2022-06-17 12:45:12',0,'Gemeten kwaliteit waarde',2,0,1),(2015,'2022-06-17 12:45:12',7.59,'Gemeten pH-waarde',3,0,2),(2016,'2022-06-17 12:46:14',30.5,'Gemeten temperatuur',1,0,2),(2017,'2022-06-17 12:46:14',0,'Gemeten kwaliteit waarde',2,0,1),(2018,'2022-06-17 12:46:14',7.61,'Gemeten pH-waarde',3,0,2),(2019,'2022-06-17 12:47:17',29.94,'Gemeten temperatuur',1,0,2),(2020,'2022-06-17 12:47:17',0,'Gemeten kwaliteit waarde',2,0,1),(2021,'2022-06-17 12:47:17',7.6,'Gemeten pH-waarde',3,0,2),(2022,'2022-06-17 12:48:19',29.5,'Gemeten temperatuur',1,0,2),(2023,'2022-06-17 12:48:19',0,'Gemeten kwaliteit waarde',2,0,1),(2024,'2022-06-17 12:48:19',7.57,'Gemeten pH-waarde',3,0,2),(2025,'2022-06-17 12:49:22',29.25,'Gemeten temperatuur',1,0,2),(2026,'2022-06-17 12:49:22',0,'Gemeten kwaliteit waarde',2,0,1),(2027,'2022-06-17 12:49:22',7.63,'Gemeten pH-waarde',3,0,2),(2028,'2022-06-17 12:50:24',29.06,'Gemeten temperatuur',1,0,2),(2029,'2022-06-17 12:50:24',0,'Gemeten kwaliteit waarde',2,0,1),(2030,'2022-06-17 12:50:24',7.6,'Gemeten pH-waarde',3,0,2),(2031,'2022-06-17 12:51:27',28.94,'Gemeten temperatuur',1,0,2),(2032,'2022-06-17 12:51:27',0,'Gemeten kwaliteit waarde',2,0,1),(2033,'2022-06-17 12:51:27',7.62,'Gemeten pH-waarde',3,0,2),(2034,'2022-06-17 12:52:29',28.81,'Gemeten temperatuur',1,0,2),(2035,'2022-06-17 12:52:29',0,'Gemeten kwaliteit waarde',2,0,1),(2036,'2022-06-17 12:52:29',7.56,'Gemeten pH-waarde',3,0,2),(2037,'2022-06-17 12:53:32',28.69,'Gemeten temperatuur',1,0,2),(2038,'2022-06-17 12:53:32',0,'Gemeten kwaliteit waarde',2,0,1),(2039,'2022-06-17 12:53:32',7.62,'Gemeten pH-waarde',3,0,2),(2040,'2022-06-17 12:54:35',28.56,'Gemeten temperatuur',1,0,2),(2041,'2022-06-17 12:54:35',0,'Gemeten kwaliteit waarde',2,0,1),(2042,'2022-06-17 12:54:35',7.58,'Gemeten pH-waarde',3,0,2),(2043,'2022-06-17 12:55:37',29.31,'Gemeten temperatuur',1,0,2),(2044,'2022-06-17 12:55:37',0,'Gemeten kwaliteit waarde',2,0,1),(2045,'2022-06-17 12:55:37',7.62,'Gemeten pH-waarde',3,0,2),(2046,'2022-06-17 12:56:40',28.94,'Gemeten temperatuur',1,0,2),(2047,'2022-06-17 12:56:40',0,'Gemeten kwaliteit waarde',2,0,1),(2048,'2022-06-17 12:56:40',7.59,'Gemeten pH-waarde',3,0,2),(2049,'2022-06-17 12:57:42',28.75,'Gemeten temperatuur',1,0,2),(2050,'2022-06-17 12:57:42',0,'Gemeten kwaliteit waarde',2,0,1),(2051,'2022-06-17 12:57:42',7.57,'Gemeten pH-waarde',3,0,2),(2052,'2022-06-17 12:58:45',28.81,'Gemeten temperatuur',1,0,2),(2053,'2022-06-17 12:58:45',0,'Gemeten kwaliteit waarde',2,0,1),(2054,'2022-06-17 12:58:45',7.64,'Gemeten pH-waarde',3,0,2),(2055,'2022-06-17 12:59:48',28.62,'Gemeten temperatuur',1,0,2),(2056,'2022-06-17 12:59:48',0,'Gemeten kwaliteit waarde',2,0,1),(2057,'2022-06-17 12:59:48',7.64,'Gemeten pH-waarde',3,0,2),(2058,'2022-06-17 13:00:50',28.75,'Gemeten temperatuur',1,0,2),(2059,'2022-06-17 13:00:50',0,'Gemeten kwaliteit waarde',2,0,1),(2060,'2022-06-17 13:00:50',7.59,'Gemeten pH-waarde',3,0,2),(2061,'2022-06-17 13:01:53',29,'Gemeten temperatuur',1,0,2),(2062,'2022-06-17 13:01:53',0,'Gemeten kwaliteit waarde',2,0,1),(2063,'2022-06-17 13:01:53',7.64,'Gemeten pH-waarde',3,0,2),(2064,'2022-06-17 13:02:56',28.81,'Gemeten temperatuur',1,0,2),(2065,'2022-06-17 13:02:56',0,'Gemeten kwaliteit waarde',2,0,1),(2066,'2022-06-17 13:02:56',7.61,'Gemeten pH-waarde',3,0,2),(2067,'2022-06-17 13:03:58',28.75,'Gemeten temperatuur',1,0,2),(2068,'2022-06-17 13:03:58',0,'Gemeten kwaliteit waarde',2,0,1),(2069,'2022-06-17 13:03:58',7.58,'Gemeten pH-waarde',3,0,2),(2070,'2022-06-17 13:05:01',28.75,'Gemeten temperatuur',1,0,2),(2071,'2022-06-17 13:05:01',0,'Gemeten kwaliteit waarde',2,0,1),(2072,'2022-06-17 13:05:01',7.58,'Gemeten pH-waarde',3,0,2),(2073,'2022-06-17 13:06:03',28.69,'Gemeten temperatuur',1,0,2),(2074,'2022-06-17 13:06:03',0,'Gemeten kwaliteit waarde',2,0,1),(2075,'2022-06-17 13:06:03',7.58,'Gemeten pH-waarde',3,0,2),(2076,'2022-06-17 13:07:05',29,'Gemeten temperatuur',1,0,2),(2077,'2022-06-17 13:07:05',0,'Gemeten kwaliteit waarde',2,0,1),(2078,'2022-06-17 13:07:05',7.6,'Gemeten pH-waarde',3,0,2),(2079,'2022-06-17 13:08:08',28.75,'Gemeten temperatuur',1,0,2),(2080,'2022-06-17 13:08:08',0,'Gemeten kwaliteit waarde',2,0,1),(2081,'2022-06-17 13:08:08',7.64,'Gemeten pH-waarde',3,0,2),(2082,'2022-06-17 13:09:10',29,'Gemeten temperatuur',1,0,2),(2083,'2022-06-17 13:09:10',0,'Gemeten kwaliteit waarde',2,0,1),(2084,'2022-06-17 13:09:10',7.59,'Gemeten pH-waarde',3,0,2),(2085,'2022-06-17 13:10:13',28.81,'Gemeten temperatuur',1,0,2),(2086,'2022-06-17 13:10:13',0,'Gemeten kwaliteit waarde',2,0,1),(2087,'2022-06-17 13:10:13',7.63,'Gemeten pH-waarde',3,0,2),(2088,'2022-06-17 13:11:15',28.75,'Gemeten temperatuur',1,0,2),(2089,'2022-06-17 13:11:15',0,'Gemeten kwaliteit waarde',2,0,1),(2090,'2022-06-17 13:11:15',7.69,'Gemeten pH-waarde',3,0,2),(2091,'2022-06-17 13:12:17',28.69,'Gemeten temperatuur',1,0,2),(2092,'2022-06-17 13:12:17',0,'Gemeten kwaliteit waarde',2,0,1),(2093,'2022-06-17 13:12:17',7.64,'Gemeten pH-waarde',3,0,2),(2094,'2022-06-17 13:13:20',28.69,'Gemeten temperatuur',1,0,2),(2095,'2022-06-17 13:13:20',0,'Gemeten kwaliteit waarde',2,0,1),(2096,'2022-06-17 13:13:20',7.69,'Gemeten pH-waarde',3,0,2),(2097,'2022-06-17 13:14:23',28.62,'Gemeten temperatuur',1,0,2),(2098,'2022-06-17 13:14:23',0,'Gemeten kwaliteit waarde',2,0,1),(2099,'2022-06-17 13:14:23',7.64,'Gemeten pH-waarde',3,0,2),(2100,'2022-06-17 13:15:25',28.62,'Gemeten temperatuur',1,0,2),(2101,'2022-06-17 13:15:25',0,'Gemeten kwaliteit waarde',2,0,1),(2102,'2022-06-17 13:15:25',7.64,'Gemeten pH-waarde',3,0,2),(2103,'2022-06-17 13:16:27',28.62,'Gemeten temperatuur',1,0,2),(2104,'2022-06-17 13:16:27',0,'Gemeten kwaliteit waarde',2,0,1),(2105,'2022-06-17 13:16:27',7.63,'Gemeten pH-waarde',3,0,2),(2106,'2022-06-17 13:17:30',28.62,'Gemeten temperatuur',1,0,2),(2107,'2022-06-17 13:17:30',0,'Gemeten kwaliteit waarde',2,0,1),(2108,'2022-06-17 13:17:30',7.67,'Gemeten pH-waarde',3,0,2),(2109,'2022-06-17 13:18:32',28.62,'Gemeten temperatuur',1,0,2),(2110,'2022-06-17 13:18:32',0,'Gemeten kwaliteit waarde',2,0,1),(2111,'2022-06-17 13:18:32',7.63,'Gemeten pH-waarde',3,0,2),(2112,'2022-06-17 13:19:35',28.56,'Gemeten temperatuur',1,0,2),(2113,'2022-06-17 13:19:35',0,'Gemeten kwaliteit waarde',2,0,1),(2114,'2022-06-17 13:19:35',7.68,'Gemeten pH-waarde',3,0,2),(2115,'2022-06-17 13:20:37',28.56,'Gemeten temperatuur',1,0,2),(2116,'2022-06-17 13:20:37',0,'Gemeten kwaliteit waarde',2,0,1),(2117,'2022-06-17 13:20:37',7.63,'Gemeten pH-waarde',3,0,2),(2118,'2022-06-17 13:21:40',28.56,'Gemeten temperatuur',1,0,2),(2119,'2022-06-17 13:21:40',0,'Gemeten kwaliteit waarde',2,0,1),(2120,'2022-06-17 13:21:40',7.63,'Gemeten pH-waarde',3,0,2),(2121,'2022-06-17 13:22:43',28.56,'Gemeten temperatuur',1,0,2),(2122,'2022-06-17 13:22:43',0,'Gemeten kwaliteit waarde',2,0,1),(2123,'2022-06-17 13:22:43',7.6,'Gemeten pH-waarde',3,0,2),(2124,'2022-06-17 13:23:45',28.81,'Gemeten temperatuur',1,0,2),(2125,'2022-06-17 13:23:45',0,'Gemeten kwaliteit waarde',2,0,1),(2126,'2022-06-17 13:23:45',7.62,'Gemeten pH-waarde',3,0,2),(2127,'2022-06-17 13:24:48',28.75,'Gemeten temperatuur',1,0,2),(2128,'2022-06-17 13:24:48',0,'Gemeten kwaliteit waarde',2,0,1),(2129,'2022-06-17 13:24:48',7.63,'Gemeten pH-waarde',3,0,2),(2130,'2022-06-17 13:25:50',28.69,'Gemeten temperatuur',1,0,2),(2131,'2022-06-17 13:25:50',0,'Gemeten kwaliteit waarde',2,0,1),(2132,'2022-06-17 13:25:50',7.64,'Gemeten pH-waarde',3,0,2),(2133,'2022-06-17 13:26:53',29.06,'Gemeten temperatuur',1,0,2),(2134,'2022-06-17 13:26:53',0,'Gemeten kwaliteit waarde',2,0,1),(2135,'2022-06-17 13:26:53',7.63,'Gemeten pH-waarde',3,0,2),(2136,'2022-06-17 13:27:55',28.94,'Gemeten temperatuur',1,0,2),(2137,'2022-06-17 13:27:55',0,'Gemeten kwaliteit waarde',2,0,1),(2138,'2022-06-17 13:27:55',7.65,'Gemeten pH-waarde',3,0,2),(2139,'2022-06-17 13:28:57',28.94,'Gemeten temperatuur',1,0,2),(2140,'2022-06-17 13:28:57',0,'Gemeten kwaliteit waarde',2,0,1),(2141,'2022-06-17 13:28:57',7.61,'Gemeten pH-waarde',3,0,2),(2142,'2022-06-17 13:29:24',28.94,'Gemeten temperatuur',1,0,2),(2143,'2022-06-17 13:29:24',0,'Gemeten kwaliteit waarde',2,0,1),(2144,'2022-06-17 13:29:24',7.62,'Gemeten pH-waarde',3,0,2),(2145,'2022-06-17 13:29:36',29.25,'Gemeten temperatuur',1,0,2),(2146,'2022-06-17 13:29:36',0,'Gemeten kwaliteit waarde',2,0,1),(2147,'2022-06-17 13:29:36',7.63,'Gemeten pH-waarde',3,0,2),(2148,'2022-06-17 13:29:48',30.75,'Gemeten temperatuur',1,0,2),(2149,'2022-06-17 13:29:48',0,'Gemeten kwaliteit waarde',2,0,1),(2150,'2022-06-17 13:29:48',7.63,'Gemeten pH-waarde',3,0,2),(2151,'2022-06-17 13:30:01',31.12,'Gemeten temperatuur',1,0,2),(2152,'2022-06-17 13:30:01',0,'Gemeten kwaliteit waarde',2,0,1),(2153,'2022-06-17 13:30:01',7.6,'Gemeten pH-waarde',3,0,2),(2154,'2022-06-17 13:30:14',31,'Gemeten temperatuur',1,0,2),(2155,'2022-06-17 13:30:14',0,'Gemeten kwaliteit waarde',2,0,1),(2156,'2022-06-17 13:30:14',7.65,'Gemeten pH-waarde',3,0,2),(2157,'2022-06-17 13:30:26',32.25,'Gemeten temperatuur',1,0,2),(2158,'2022-06-17 13:30:26',0,'Gemeten kwaliteit waarde',2,0,1),(2159,'2022-06-17 13:30:26',7.69,'Gemeten pH-waarde',3,0,2),(2160,'2022-06-17 13:31:57',31.5,'Gemeten temperatuur',1,0,2),(2161,'2022-06-17 13:31:57',0,'Gemeten kwaliteit waarde',2,0,1),(2162,'2022-06-17 13:31:57',7.67,'Gemeten pH-waarde',3,0,2),(2163,'2022-06-17 13:32:09',31.38,'Gemeten temperatuur',1,0,2),(2164,'2022-06-17 13:32:09',0,'Gemeten kwaliteit waarde',2,0,1),(2165,'2022-06-17 13:32:09',7.65,'Gemeten pH-waarde',3,0,2),(2166,'2022-06-17 13:36:57',30.56,'Gemeten temperatuur',1,0,2),(2167,'2022-06-17 13:36:57',0,'Gemeten kwaliteit waarde',2,0,1),(2168,'2022-06-17 13:36:57',7.63,'Gemeten pH-waarde',3,0,2),(2169,'2022-06-17 13:37:09',30.44,'Gemeten temperatuur',1,0,2),(2170,'2022-06-17 13:37:09',0,'Gemeten kwaliteit waarde',2,0,1),(2171,'2022-06-17 13:37:09',7.65,'Gemeten pH-waarde',3,0,2),(2172,'2022-06-17 13:37:21',30.38,'Gemeten temperatuur',1,0,2),(2173,'2022-06-17 13:37:21',0,'Gemeten kwaliteit waarde',2,0,1),(2174,'2022-06-17 13:37:21',7.68,'Gemeten pH-waarde',3,0,2),(2175,'2022-06-17 13:37:34',30.44,'Gemeten temperatuur',1,0,2),(2176,'2022-06-17 13:37:34',0,'Gemeten kwaliteit waarde',2,0,1),(2177,'2022-06-17 13:37:34',7.8,'Gemeten pH-waarde',3,0,2),(2178,'2022-06-17 13:37:46',30.38,'Gemeten temperatuur',1,0,2),(2179,'2022-06-17 13:37:46',219,'Gemeten kwaliteit waarde',2,0,2),(2180,'2022-06-17 13:37:46',8.15,'Gemeten pH-waarde',3,0,2),(2181,'2022-06-17 13:37:59',30.38,'Gemeten temperatuur',1,0,2),(2182,'2022-06-17 13:37:59',219,'Gemeten kwaliteit waarde',2,0,2),(2183,'2022-06-17 13:37:59',7.47,'Gemeten pH-waarde',3,0,2),(2184,'2022-06-17 13:38:11',30.31,'Gemeten temperatuur',1,0,2),(2185,'2022-06-17 13:38:11',219,'Gemeten kwaliteit waarde',2,0,2),(2186,'2022-06-17 13:38:11',7.14,'Gemeten pH-waarde',3,0,2),(2187,'2022-06-17 13:38:24',30.31,'Gemeten temperatuur',1,0,2),(2188,'2022-06-17 13:38:24',218,'Gemeten kwaliteit waarde',2,0,2),(2189,'2022-06-17 13:38:24',7.66,'Gemeten pH-waarde',3,0,2),(2190,'2022-06-17 13:38:36',30.31,'Gemeten temperatuur',1,0,2),(2191,'2022-06-17 13:38:36',218,'Gemeten kwaliteit waarde',2,0,2),(2192,'2022-06-17 13:38:36',7.7,'Gemeten pH-waarde',3,0,2),(2193,'2022-06-17 13:38:49',30.25,'Gemeten temperatuur',1,0,2),(2194,'2022-06-17 13:38:49',218,'Gemeten kwaliteit waarde',2,0,2),(2195,'2022-06-17 13:38:49',7.76,'Gemeten pH-waarde',3,0,2),(2196,'2022-06-17 13:39:01',30.25,'Gemeten temperatuur',1,0,2),(2197,'2022-06-17 13:39:01',218,'Gemeten kwaliteit waarde',2,0,2),(2198,'2022-06-17 13:39:01',7.77,'Gemeten pH-waarde',3,0,2),(2199,'2022-06-17 13:39:14',30.19,'Gemeten temperatuur',1,0,2),(2200,'2022-06-17 13:39:14',218,'Gemeten kwaliteit waarde',2,0,2),(2201,'2022-06-17 13:39:14',7.79,'Gemeten pH-waarde',3,0,2),(2202,'2022-06-17 13:39:26',30.19,'Gemeten temperatuur',1,0,2),(2203,'2022-06-17 13:39:26',218,'Gemeten kwaliteit waarde',2,0,2),(2204,'2022-06-17 13:39:26',7.79,'Gemeten pH-waarde',3,0,2),(2205,'2022-06-17 13:39:39',30.19,'Gemeten temperatuur',1,0,2),(2206,'2022-06-17 13:39:39',218,'Gemeten kwaliteit waarde',2,0,2),(2207,'2022-06-17 13:39:39',7.87,'Gemeten pH-waarde',3,0,2),(2208,'2022-06-17 13:40:27',30.19,'Gemeten temperatuur',1,0,2),(2209,'2022-06-17 13:40:27',0,'Gemeten kwaliteit waarde',2,0,1),(2210,'2022-06-17 13:40:27',7.62,'Gemeten pH-waarde',3,0,2),(2211,'2022-06-17 13:40:39',30.12,'Gemeten temperatuur',1,0,2),(2212,'2022-06-17 13:40:39',0,'Gemeten kwaliteit waarde',2,0,1),(2213,'2022-06-17 13:40:39',7.7,'Gemeten pH-waarde',3,0,2),(2214,'2022-06-17 13:40:52',30.62,'Gemeten temperatuur',1,0,2),(2215,'2022-06-17 13:40:52',0,'Gemeten kwaliteit waarde',2,0,1),(2216,'2022-06-17 13:40:52',7.72,'Gemeten pH-waarde',3,0,2),(2217,'2022-06-17 13:41:04',30.56,'Gemeten temperatuur',1,0,2),(2218,'2022-06-17 13:41:04',0,'Gemeten kwaliteit waarde',2,0,1),(2219,'2022-06-17 13:41:04',7.64,'Gemeten pH-waarde',3,0,2),(2220,'2022-06-17 13:41:16',30.5,'Gemeten temperatuur',1,0,2),(2221,'2022-06-17 13:41:16',0,'Gemeten kwaliteit waarde',2,0,1),(2222,'2022-06-17 13:41:16',7.58,'Gemeten pH-waarde',3,0,2),(2223,'2022-06-17 13:41:29',30.44,'Gemeten temperatuur',1,0,2),(2224,'2022-06-17 13:41:29',0,'Gemeten kwaliteit waarde',2,0,1),(2225,'2022-06-17 13:41:29',7.71,'Gemeten pH-waarde',3,0,2),(2226,'2022-06-17 13:42:29',32.38,'Gemeten temperatuur',1,0,2),(2227,'2022-06-17 13:42:29',0,'Gemeten kwaliteit waarde',2,0,1),(2228,'2022-06-17 13:42:29',7.59,'Gemeten pH-waarde',3,0,2),(2229,'2022-06-17 13:42:41',32.12,'Gemeten temperatuur',1,0,2),(2230,'2022-06-17 13:42:41',0,'Gemeten kwaliteit waarde',2,0,1),(2231,'2022-06-17 13:42:41',7.64,'Gemeten pH-waarde',3,0,2),(2232,'2022-06-17 13:42:53',31.94,'Gemeten temperatuur',1,0,2),(2233,'2022-06-17 13:42:53',0,'Gemeten kwaliteit waarde',2,0,1),(2234,'2022-06-17 13:42:53',7.67,'Gemeten pH-waarde',3,0,2),(2235,'2022-06-17 13:43:06',31.75,'Gemeten temperatuur',1,0,2),(2236,'2022-06-17 13:43:06',0,'Gemeten kwaliteit waarde',2,0,1),(2237,'2022-06-17 13:43:06',7.7,'Gemeten pH-waarde',3,0,2),(2238,'2022-06-17 13:43:18',31.62,'Gemeten temperatuur',1,0,2),(2239,'2022-06-17 13:43:18',0,'Gemeten kwaliteit waarde',2,0,1),(2240,'2022-06-17 13:43:18',7.62,'Gemeten pH-waarde',3,0,2),(2241,'2022-06-17 13:43:31',31.5,'Gemeten temperatuur',1,0,2),(2242,'2022-06-17 13:43:31',0,'Gemeten kwaliteit waarde',2,0,1),(2243,'2022-06-17 13:43:31',7.65,'Gemeten pH-waarde',3,0,2),(2244,'2022-06-17 13:43:43',31.38,'Gemeten temperatuur',1,0,2),(2245,'2022-06-17 13:43:43',0,'Gemeten kwaliteit waarde',2,0,1),(2246,'2022-06-17 13:43:43',7.68,'Gemeten pH-waarde',3,0,2),(2247,'2022-06-17 13:43:56',31.25,'Gemeten temperatuur',1,0,2),(2248,'2022-06-17 13:43:56',0,'Gemeten kwaliteit waarde',2,0,1),(2249,'2022-06-17 13:43:56',7.61,'Gemeten pH-waarde',3,0,2),(2250,'2022-06-17 13:44:08',31.19,'Gemeten temperatuur',1,0,2),(2251,'2022-06-17 13:44:08',0,'Gemeten kwaliteit waarde',2,0,1),(2252,'2022-06-17 13:44:08',7.57,'Gemeten pH-waarde',3,0,2),(2253,'2022-06-17 13:44:21',31.06,'Gemeten temperatuur',1,0,2),(2254,'2022-06-17 13:44:21',0,'Gemeten kwaliteit waarde',2,0,1),(2255,'2022-06-17 13:44:21',7.6,'Gemeten pH-waarde',3,0,2),(2256,'2022-06-17 13:44:33',31,'Gemeten temperatuur',1,0,2),(2257,'2022-06-17 13:44:33',0,'Gemeten kwaliteit waarde',2,0,1),(2258,'2022-06-17 13:44:33',7.64,'Gemeten pH-waarde',3,0,2),(2259,'2022-06-17 13:44:46',30.88,'Gemeten temperatuur',1,0,2),(2260,'2022-06-17 13:44:46',0,'Gemeten kwaliteit waarde',2,0,1),(2261,'2022-06-17 13:44:46',7.72,'Gemeten pH-waarde',3,0,2),(2262,'2022-06-17 13:44:58',30.88,'Gemeten temperatuur',1,0,2),(2263,'2022-06-17 13:44:58',0,'Gemeten kwaliteit waarde',2,0,1),(2264,'2022-06-17 13:44:58',7.65,'Gemeten pH-waarde',3,0,2),(2265,'2022-06-17 13:45:11',30.81,'Gemeten temperatuur',1,0,2),(2266,'2022-06-17 13:45:11',0,'Gemeten kwaliteit waarde',2,0,1),(2267,'2022-06-17 13:45:11',7.59,'Gemeten pH-waarde',3,0,2),(2268,'2022-06-17 13:45:23',30.88,'Gemeten temperatuur',1,0,2),(2269,'2022-06-17 13:45:23',0,'Gemeten kwaliteit waarde',2,0,1),(2270,'2022-06-17 13:45:23',7.6,'Gemeten pH-waarde',3,0,2),(2271,'2022-06-17 13:45:36',31.25,'Gemeten temperatuur',1,0,2),(2272,'2022-06-17 13:45:36',0,'Gemeten kwaliteit waarde',2,0,1),(2273,'2022-06-17 13:45:36',7.6,'Gemeten pH-waarde',3,0,2),(2274,'2022-06-17 13:45:48',31.31,'Gemeten temperatuur',1,0,2),(2275,'2022-06-17 13:45:48',0,'Gemeten kwaliteit waarde',2,0,1),(2276,'2022-06-17 13:45:48',7.71,'Gemeten pH-waarde',3,0,2),(2277,'2022-06-17 13:46:01',31.38,'Gemeten temperatuur',1,0,2),(2278,'2022-06-17 13:46:01',0,'Gemeten kwaliteit waarde',2,0,1),(2279,'2022-06-17 13:46:01',7.58,'Gemeten pH-waarde',3,0,2),(2280,'2022-06-17 13:46:13',31.31,'Gemeten temperatuur',1,0,2),(2281,'2022-06-17 13:46:13',0,'Gemeten kwaliteit waarde',2,0,1),(2282,'2022-06-17 13:46:13',7.76,'Gemeten pH-waarde',3,0,2),(2283,'2022-06-17 13:46:26',31.12,'Gemeten temperatuur',1,0,2),(2284,'2022-06-17 13:46:26',0,'Gemeten kwaliteit waarde',2,0,1),(2285,'2022-06-17 13:46:26',7.66,'Gemeten pH-waarde',3,0,2),(2286,'2022-06-17 13:46:38',31.19,'Gemeten temperatuur',1,0,2),(2287,'2022-06-17 13:46:38',0,'Gemeten kwaliteit waarde',2,0,1),(2288,'2022-06-17 13:46:38',7.64,'Gemeten pH-waarde',3,0,2),(2289,'2022-06-17 13:46:51',31.12,'Gemeten temperatuur',1,0,2),(2290,'2022-06-17 13:46:51',0,'Gemeten kwaliteit waarde',2,0,1),(2291,'2022-06-17 13:46:51',7.63,'Gemeten pH-waarde',3,0,2),(2292,'2022-06-17 13:47:03',31.19,'Gemeten temperatuur',1,0,2),(2293,'2022-06-17 13:47:03',0,'Gemeten kwaliteit waarde',2,0,1),(2294,'2022-06-17 13:47:03',7.62,'Gemeten pH-waarde',3,0,2),(2295,'2022-06-17 13:47:16',31.44,'Gemeten temperatuur',1,0,2),(2296,'2022-06-17 13:47:16',0,'Gemeten kwaliteit waarde',2,0,1),(2297,'2022-06-17 13:47:16',7.61,'Gemeten pH-waarde',3,0,2),(2298,'2022-06-17 13:47:28',31.25,'Gemeten temperatuur',1,0,2),(2299,'2022-06-17 13:47:28',0,'Gemeten kwaliteit waarde',2,0,1),(2300,'2022-06-17 13:47:28',7.59,'Gemeten pH-waarde',3,0,2),(2301,'2022-06-17 13:47:41',31.06,'Gemeten temperatuur',1,0,2),(2302,'2022-06-17 13:47:41',0,'Gemeten kwaliteit waarde',2,0,1),(2303,'2022-06-17 13:47:41',7.58,'Gemeten pH-waarde',3,0,2),(2304,'2022-06-17 13:47:53',30.94,'Gemeten temperatuur',1,0,2),(2305,'2022-06-17 13:47:53',0,'Gemeten kwaliteit waarde',2,0,1),(2306,'2022-06-17 13:47:53',7.67,'Gemeten pH-waarde',3,0,2),(2307,'2022-06-17 13:48:06',30.88,'Gemeten temperatuur',1,0,2),(2308,'2022-06-17 13:48:06',0,'Gemeten kwaliteit waarde',2,0,1),(2309,'2022-06-17 13:48:06',7.66,'Gemeten pH-waarde',3,0,2),(2310,'2022-06-17 13:48:18',30.81,'Gemeten temperatuur',1,0,2),(2311,'2022-06-17 13:48:18',0,'Gemeten kwaliteit waarde',2,0,1),(2312,'2022-06-17 13:48:18',7.73,'Gemeten pH-waarde',3,0,2),(2313,'2022-06-17 13:48:31',30.75,'Gemeten temperatuur',1,0,2),(2314,'2022-06-17 13:48:31',0,'Gemeten kwaliteit waarde',2,0,1),(2315,'2022-06-17 13:48:31',7.6,'Gemeten pH-waarde',3,0,2),(2316,'2022-06-17 13:48:43',30.69,'Gemeten temperatuur',1,0,2),(2317,'2022-06-17 13:48:43',0,'Gemeten kwaliteit waarde',2,0,1),(2318,'2022-06-17 13:48:43',7.61,'Gemeten pH-waarde',3,0,2),(2319,'2022-06-17 13:48:56',30.62,'Gemeten temperatuur',1,0,2),(2320,'2022-06-17 13:48:56',0,'Gemeten kwaliteit waarde',2,0,1),(2321,'2022-06-17 13:48:56',7.74,'Gemeten pH-waarde',3,0,2),(2322,'2022-06-17 13:49:08',30.56,'Gemeten temperatuur',1,0,2),(2323,'2022-06-17 13:49:08',0,'Gemeten kwaliteit waarde',2,0,1),(2324,'2022-06-17 13:49:08',7.59,'Gemeten pH-waarde',3,0,2),(2325,'2022-06-17 13:49:21',30.56,'Gemeten temperatuur',1,0,2),(2326,'2022-06-17 13:49:21',0,'Gemeten kwaliteit waarde',2,0,1),(2327,'2022-06-17 13:49:21',7.72,'Gemeten pH-waarde',3,0,2),(2328,'2022-06-17 13:49:33',30.75,'Gemeten temperatuur',1,0,2),(2329,'2022-06-17 13:49:33',0,'Gemeten kwaliteit waarde',2,0,1),(2330,'2022-06-17 13:49:33',7.6,'Gemeten pH-waarde',3,0,2),(2331,'2022-06-17 13:49:46',30.69,'Gemeten temperatuur',1,0,2),(2332,'2022-06-17 13:49:46',0,'Gemeten kwaliteit waarde',2,0,1),(2333,'2022-06-17 13:49:46',7.65,'Gemeten pH-waarde',3,0,2),(2334,'2022-06-17 13:49:58',30.75,'Gemeten temperatuur',1,0,2),(2335,'2022-06-17 13:49:58',0,'Gemeten kwaliteit waarde',2,0,1),(2336,'2022-06-17 13:49:58',7.66,'Gemeten pH-waarde',3,0,2),(2337,'2022-06-17 13:50:10',30.75,'Gemeten temperatuur',1,0,2),(2338,'2022-06-17 13:50:10',0,'Gemeten kwaliteit waarde',2,0,1),(2339,'2022-06-17 13:50:10',7.64,'Gemeten pH-waarde',3,0,2),(2340,'2022-06-17 13:50:23',31,'Gemeten temperatuur',1,0,2),(2341,'2022-06-17 13:50:23',0,'Gemeten kwaliteit waarde',2,0,1),(2342,'2022-06-17 13:50:23',7.63,'Gemeten pH-waarde',3,0,2),(2343,'2022-06-17 13:50:35',31.25,'Gemeten temperatuur',1,0,2),(2344,'2022-06-17 13:50:35',0,'Gemeten kwaliteit waarde',2,0,1),(2345,'2022-06-17 13:50:35',7.65,'Gemeten pH-waarde',3,0,2),(2346,'2022-06-17 13:50:48',31.5,'Gemeten temperatuur',1,0,2),(2347,'2022-06-17 13:50:48',0,'Gemeten kwaliteit waarde',2,0,1),(2348,'2022-06-17 13:50:48',7.77,'Gemeten pH-waarde',3,0,2),(2349,'2022-06-17 13:51:01',31.31,'Gemeten temperatuur',1,0,2),(2350,'2022-06-17 13:51:01',0,'Gemeten kwaliteit waarde',2,0,1),(2351,'2022-06-17 13:51:01',7.64,'Gemeten pH-waarde',3,0,2),(2352,'2022-06-17 13:51:13',31.31,'Gemeten temperatuur',1,0,2),(2353,'2022-06-17 13:51:13',0,'Gemeten kwaliteit waarde',2,0,1),(2354,'2022-06-17 13:51:13',7.73,'Gemeten pH-waarde',3,0,2),(2355,'2022-06-17 13:52:27',31,'Gemeten temperatuur',1,0,2),(2356,'2022-06-17 13:52:27',0,'Gemeten kwaliteit waarde',2,0,1),(2357,'2022-06-17 13:52:27',7.66,'Gemeten pH-waarde',3,0,2),(2358,'2022-06-17 13:52:38',30.94,'Gemeten temperatuur',1,0,2),(2359,'2022-06-17 13:52:38',0,'Gemeten kwaliteit waarde',2,0,1),(2360,'2022-06-17 13:52:38',7.6,'Gemeten pH-waarde',3,0,2),(2361,'2022-06-17 14:01:53',30.94,'Gemeten temperatuur',1,0,2),(2362,'2022-06-17 14:01:53',0,'Gemeten kwaliteit waarde',2,0,1),(2363,'2022-06-17 14:01:53',7.63,'Gemeten pH-waarde',3,0,2),(2364,'2022-06-17 14:10:48',33.19,'Gemeten temperatuur',1,0,2),(2365,'2022-06-17 14:10:48',0,'Gemeten kwaliteit waarde',2,0,1),(2366,'2022-06-17 14:10:48',7.62,'Gemeten pH-waarde',3,0,2),(2367,'2022-06-17 14:11:00',33.31,'Gemeten temperatuur',1,0,2),(2368,'2022-06-17 14:11:00',0,'Gemeten kwaliteit waarde',2,0,1),(2369,'2022-06-17 14:11:00',7.71,'Gemeten pH-waarde',3,0,2),(2370,'2022-06-17 14:15:34',33.62,'Gemeten temperatuur',1,0,2),(2371,'2022-06-17 14:15:34',0,'Gemeten kwaliteit waarde',2,0,1),(2372,'2022-06-17 14:15:34',7.52,'Gemeten pH-waarde',3,0,2),(2373,'2022-06-17 14:15:46',33.62,'Gemeten temperatuur',1,0,2),(2374,'2022-06-17 14:15:46',0,'Gemeten kwaliteit waarde',2,0,1),(2375,'2022-06-17 14:15:46',7.64,'Gemeten pH-waarde',3,0,2),(2376,'2022-06-17 14:15:59',33.62,'Gemeten temperatuur',1,0,2),(2377,'2022-06-17 14:15:59',0,'Gemeten kwaliteit waarde',2,0,1),(2378,'2022-06-17 14:15:59',7.6,'Gemeten pH-waarde',3,0,2),(2379,'2022-06-17 14:16:26',32.88,'Gemeten temperatuur',1,0,2),(2380,'2022-06-17 14:16:26',0,'Gemeten kwaliteit waarde',2,0,1),(2381,'2022-06-17 14:16:26',7.64,'Gemeten pH-waarde',3,0,2),(2382,'2022-06-17 14:16:38',32.56,'Gemeten temperatuur',1,0,2),(2383,'2022-06-17 14:16:38',0,'Gemeten kwaliteit waarde',2,0,1),(2384,'2022-06-17 14:16:38',7.67,'Gemeten pH-waarde',3,0,2),(2385,'2022-06-17 14:16:51',32.31,'Gemeten temperatuur',1,0,2),(2386,'2022-06-17 14:16:51',0,'Gemeten kwaliteit waarde',2,0,1),(2387,'2022-06-17 14:16:51',7.78,'Gemeten pH-waarde',3,0,2),(2388,'2022-06-17 14:17:04',32,'Gemeten temperatuur',1,0,2),(2389,'2022-06-17 14:17:04',0,'Gemeten kwaliteit waarde',2,0,1),(2390,'2022-06-17 14:17:04',7.62,'Gemeten pH-waarde',3,0,2),(2391,'2022-06-17 14:17:17',31.75,'Gemeten temperatuur',1,0,2),(2392,'2022-06-17 14:17:17',0,'Gemeten kwaliteit waarde',2,0,1),(2393,'2022-06-17 14:17:17',7.6,'Gemeten pH-waarde',3,0,2),(2394,'2022-06-17 14:17:30',31.5,'Gemeten temperatuur',1,0,2),(2395,'2022-06-17 14:17:30',0,'Gemeten kwaliteit waarde',2,0,1),(2396,'2022-06-17 14:17:30',7.68,'Gemeten pH-waarde',3,0,2),(2397,'2022-06-17 14:17:43',31.31,'Gemeten temperatuur',1,0,2),(2398,'2022-06-17 14:17:43',0,'Gemeten kwaliteit waarde',2,0,1),(2399,'2022-06-17 14:17:43',7.61,'Gemeten pH-waarde',3,0,2),(2400,'2022-06-17 14:17:56',31.12,'Gemeten temperatuur',1,0,2),(2401,'2022-06-17 14:17:56',0,'Gemeten kwaliteit waarde',2,0,1),(2402,'2022-06-17 14:17:56',7.63,'Gemeten pH-waarde',3,0,2),(2403,'2022-06-17 14:18:09',30.94,'Gemeten temperatuur',1,0,2),(2404,'2022-06-17 14:18:09',0,'Gemeten kwaliteit waarde',2,0,1),(2405,'2022-06-17 14:18:09',7.55,'Gemeten pH-waarde',3,0,2),(2406,'2022-06-17 14:18:23',30.81,'Gemeten temperatuur',1,0,2),(2407,'2022-06-17 14:18:23',0,'Gemeten kwaliteit waarde',2,0,1),(2408,'2022-06-17 14:18:23',7.58,'Gemeten pH-waarde',3,0,2),(2409,'2022-06-17 14:18:36',30.62,'Gemeten temperatuur',1,0,2),(2410,'2022-06-17 14:18:36',0,'Gemeten kwaliteit waarde',2,0,1),(2411,'2022-06-17 14:18:36',7.65,'Gemeten pH-waarde',3,0,2),(2412,'2022-06-17 14:18:49',30.5,'Gemeten temperatuur',1,0,2),(2413,'2022-06-17 14:18:49',0,'Gemeten kwaliteit waarde',2,0,1),(2414,'2022-06-17 14:18:49',7.7,'Gemeten pH-waarde',3,0,2),(2415,'2022-06-17 14:19:02',30.38,'Gemeten temperatuur',1,0,2),(2416,'2022-06-17 14:19:02',0,'Gemeten kwaliteit waarde',2,0,1),(2417,'2022-06-17 14:19:02',7.69,'Gemeten pH-waarde',3,0,2),(2418,'2022-06-17 14:19:14',30.25,'Gemeten temperatuur',1,0,2),(2419,'2022-06-17 14:19:14',0,'Gemeten kwaliteit waarde',2,0,1),(2420,'2022-06-17 14:19:14',7.68,'Gemeten pH-waarde',3,0,2),(2421,'2022-06-17 14:19:27',30.19,'Gemeten temperatuur',1,0,2),(2422,'2022-06-17 14:19:27',0,'Gemeten kwaliteit waarde',2,0,1),(2423,'2022-06-17 14:19:27',7.59,'Gemeten pH-waarde',3,0,2),(2424,'2022-06-17 14:19:41',30.06,'Gemeten temperatuur',1,0,2),(2425,'2022-06-17 14:19:41',0,'Gemeten kwaliteit waarde',2,0,1),(2426,'2022-06-17 14:19:41',7.66,'Gemeten pH-waarde',3,0,2),(2427,'2022-06-17 14:19:54',30,'Gemeten temperatuur',1,0,2),(2428,'2022-06-17 14:19:54',0,'Gemeten kwaliteit waarde',2,0,1),(2429,'2022-06-17 14:19:54',7.57,'Gemeten pH-waarde',3,0,2),(2430,'2022-06-17 14:20:07',29.88,'Gemeten temperatuur',1,0,2),(2431,'2022-06-17 14:20:07',0,'Gemeten kwaliteit waarde',2,0,1),(2432,'2022-06-17 14:20:07',7.61,'Gemeten pH-waarde',3,0,2),(2433,'2022-06-17 14:20:20',29.81,'Gemeten temperatuur',1,0,2),(2434,'2022-06-17 14:20:20',0,'Gemeten kwaliteit waarde',2,0,1),(2435,'2022-06-17 14:20:20',7.7,'Gemeten pH-waarde',3,0,2),(2436,'2022-06-17 14:20:33',29.75,'Gemeten temperatuur',1,0,2),(2437,'2022-06-17 14:20:33',0,'Gemeten kwaliteit waarde',2,0,1),(2438,'2022-06-17 14:20:33',7.68,'Gemeten pH-waarde',3,0,2),(2439,'2022-06-17 14:20:45',29.69,'Gemeten temperatuur',1,0,2),(2440,'2022-06-17 14:20:45',0,'Gemeten kwaliteit waarde',2,0,1),(2441,'2022-06-17 14:20:45',7.66,'Gemeten pH-waarde',3,0,2),(2442,'2022-06-17 14:21:02',29.62,'Gemeten temperatuur',1,0,2),(2443,'2022-06-17 14:21:02',0,'Gemeten kwaliteit waarde',2,0,1),(2444,'2022-06-17 14:21:02',7.67,'Gemeten pH-waarde',3,0,2),(2445,'2022-06-17 14:21:14',29.56,'Gemeten temperatuur',1,0,2),(2446,'2022-06-17 14:21:14',0,'Gemeten kwaliteit waarde',2,0,1),(2447,'2022-06-17 14:21:14',7.6,'Gemeten pH-waarde',3,0,2),(2448,'2022-06-17 14:21:27',29.5,'Gemeten temperatuur',1,0,2),(2449,'2022-06-17 14:21:27',0,'Gemeten kwaliteit waarde',2,0,1),(2450,'2022-06-17 14:21:27',7.58,'Gemeten pH-waarde',3,0,2),(2451,'2022-06-17 14:21:40',29.5,'Gemeten temperatuur',1,0,2),(2452,'2022-06-17 14:21:40',0,'Gemeten kwaliteit waarde',2,0,1),(2453,'2022-06-17 14:21:40',7.66,'Gemeten pH-waarde',3,0,2),(2454,'2022-06-17 14:21:53',29.44,'Gemeten temperatuur',1,0,2),(2455,'2022-06-17 14:21:53',0,'Gemeten kwaliteit waarde',2,0,1),(2456,'2022-06-17 14:21:53',7.66,'Gemeten pH-waarde',3,0,2),(2457,'2022-06-17 14:22:06',29.44,'Gemeten temperatuur',1,0,2),(2458,'2022-06-17 14:22:06',0,'Gemeten kwaliteit waarde',2,0,1),(2459,'2022-06-17 14:22:06',7.65,'Gemeten pH-waarde',3,0,2),(2460,'2022-06-17 14:22:18',29.38,'Gemeten temperatuur',1,0,2),(2461,'2022-06-17 14:22:18',0,'Gemeten kwaliteit waarde',2,0,1),(2462,'2022-06-17 14:22:18',7.62,'Gemeten pH-waarde',3,0,2),(2463,'2022-06-17 14:22:31',29.31,'Gemeten temperatuur',1,0,2),(2464,'2022-06-17 14:22:31',0,'Gemeten kwaliteit waarde',2,0,1),(2465,'2022-06-17 14:22:31',7.7,'Gemeten pH-waarde',3,0,2),(2466,'2022-06-17 14:22:44',29.31,'Gemeten temperatuur',1,0,2),(2467,'2022-06-17 14:22:44',0,'Gemeten kwaliteit waarde',2,0,1),(2468,'2022-06-17 14:22:44',7.71,'Gemeten pH-waarde',3,0,2),(2469,'2022-06-17 14:22:57',29.31,'Gemeten temperatuur',1,0,2),(2470,'2022-06-17 14:22:57',0,'Gemeten kwaliteit waarde',2,0,1),(2471,'2022-06-17 14:22:57',7.7,'Gemeten pH-waarde',3,0,2),(2472,'2022-06-17 14:23:10',29.25,'Gemeten temperatuur',1,0,2),(2473,'2022-06-17 14:23:10',0,'Gemeten kwaliteit waarde',2,0,1),(2474,'2022-06-17 14:23:10',7.68,'Gemeten pH-waarde',3,0,2),(2475,'2022-06-17 14:23:23',29.25,'Gemeten temperatuur',1,0,2),(2476,'2022-06-17 14:23:23',0,'Gemeten kwaliteit waarde',2,0,1),(2477,'2022-06-17 14:23:23',7.67,'Gemeten pH-waarde',3,0,2),(2478,'2022-06-17 14:23:37',29.25,'Gemeten temperatuur',1,0,2),(2479,'2022-06-17 14:23:37',0,'Gemeten kwaliteit waarde',2,0,1),(2480,'2022-06-17 14:23:37',7.61,'Gemeten pH-waarde',3,0,2),(2481,'2022-06-17 14:23:50',29.19,'Gemeten temperatuur',1,0,2),(2482,'2022-06-17 14:23:50',0,'Gemeten kwaliteit waarde',2,0,1),(2483,'2022-06-17 14:23:50',7.63,'Gemeten pH-waarde',3,0,2),(2484,'2022-06-17 14:24:03',29.19,'Gemeten temperatuur',1,0,2),(2485,'2022-06-17 14:24:03',0,'Gemeten kwaliteit waarde',2,0,1),(2486,'2022-06-17 14:24:03',7.67,'Gemeten pH-waarde',3,0,2),(2487,'2022-06-17 14:24:16',29.19,'Gemeten temperatuur',1,0,2),(2488,'2022-06-17 14:24:16',0,'Gemeten kwaliteit waarde',2,0,1),(2489,'2022-06-17 14:24:16',7.61,'Gemeten pH-waarde',3,0,2),(2490,'2022-06-17 14:24:29',29.19,'Gemeten temperatuur',1,0,2),(2491,'2022-06-17 14:24:29',0,'Gemeten kwaliteit waarde',2,0,1),(2492,'2022-06-17 14:24:29',7.66,'Gemeten pH-waarde',3,0,2),(2493,'2022-06-17 14:24:42',29.19,'Gemeten temperatuur',1,0,2),(2494,'2022-06-17 14:24:42',0,'Gemeten kwaliteit waarde',2,0,1),(2495,'2022-06-17 14:24:42',7.65,'Gemeten pH-waarde',3,0,2),(2496,'2022-06-17 14:24:55',29.19,'Gemeten temperatuur',1,0,2),(2497,'2022-06-17 14:24:55',0,'Gemeten kwaliteit waarde',2,0,1),(2498,'2022-06-17 14:24:55',7.6,'Gemeten pH-waarde',3,0,2),(2499,'2022-06-17 14:25:08',29.19,'Gemeten temperatuur',1,0,2),(2500,'2022-06-17 14:25:08',0,'Gemeten kwaliteit waarde',2,0,1),(2501,'2022-06-17 14:25:08',7.71,'Gemeten pH-waarde',3,0,2),(2502,'2022-06-17 14:25:21',29.19,'Gemeten temperatuur',1,0,2),(2503,'2022-06-17 14:25:21',0,'Gemeten kwaliteit waarde',2,0,1),(2504,'2022-06-17 14:25:21',7.67,'Gemeten pH-waarde',3,0,2),(2505,'2022-06-17 14:25:34',29.12,'Gemeten temperatuur',1,0,2),(2506,'2022-06-17 14:25:34',0,'Gemeten kwaliteit waarde',2,0,1),(2507,'2022-06-17 14:25:34',7.61,'Gemeten pH-waarde',3,0,2),(2508,'2022-06-17 14:25:47',29.19,'Gemeten temperatuur',1,0,2),(2509,'2022-06-17 14:25:47',0,'Gemeten kwaliteit waarde',2,0,1),(2510,'2022-06-17 14:25:47',7.67,'Gemeten pH-waarde',3,0,2),(2511,'2022-06-17 14:26:00',29.19,'Gemeten temperatuur',1,0,2),(2512,'2022-06-17 14:26:00',0,'Gemeten kwaliteit waarde',2,0,1),(2513,'2022-06-17 14:26:00',7.6,'Gemeten pH-waarde',3,0,2),(2514,'2022-06-17 14:26:13',29.19,'Gemeten temperatuur',1,0,2),(2515,'2022-06-17 14:26:13',0,'Gemeten kwaliteit waarde',2,0,1),(2516,'2022-06-17 14:26:13',7.59,'Gemeten pH-waarde',3,0,2),(2517,'2022-06-17 14:26:26',29.12,'Gemeten temperatuur',1,0,2),(2518,'2022-06-17 14:26:26',0,'Gemeten kwaliteit waarde',2,0,1),(2519,'2022-06-17 14:26:26',7.68,'Gemeten pH-waarde',3,0,2),(2520,'2022-06-17 14:26:40',29.12,'Gemeten temperatuur',1,0,2),(2521,'2022-06-17 14:26:40',0,'Gemeten kwaliteit waarde',2,0,1),(2522,'2022-06-17 14:26:40',7.55,'Gemeten pH-waarde',3,0,2),(2523,'2022-06-17 14:26:52',29.12,'Gemeten temperatuur',1,0,2),(2524,'2022-06-17 14:26:52',0,'Gemeten kwaliteit waarde',2,0,1),(2525,'2022-06-17 14:26:52',7.72,'Gemeten pH-waarde',3,0,2),(2526,'2022-06-17 14:27:05',29.12,'Gemeten temperatuur',1,0,2),(2527,'2022-06-17 14:27:05',0,'Gemeten kwaliteit waarde',2,0,1),(2528,'2022-06-17 14:27:05',7.66,'Gemeten pH-waarde',3,0,2),(2529,'2022-06-17 14:27:17',29.12,'Gemeten temperatuur',1,0,2),(2530,'2022-06-17 14:27:17',0,'Gemeten kwaliteit waarde',2,0,1),(2531,'2022-06-17 14:27:17',7.67,'Gemeten pH-waarde',3,0,2),(2532,'2022-06-17 14:27:31',29.12,'Gemeten temperatuur',1,0,2),(2533,'2022-06-17 14:27:31',0,'Gemeten kwaliteit waarde',2,0,1),(2534,'2022-06-17 14:27:31',7.59,'Gemeten pH-waarde',3,0,2),(2535,'2022-06-17 14:27:43',29.12,'Gemeten temperatuur',1,0,2),(2536,'2022-06-17 14:27:43',0,'Gemeten kwaliteit waarde',2,0,1),(2537,'2022-06-17 14:27:43',7.67,'Gemeten pH-waarde',3,0,2),(2538,'2022-06-17 14:27:57',29.12,'Gemeten temperatuur',1,0,2),(2539,'2022-06-17 14:27:57',0,'Gemeten kwaliteit waarde',2,0,1),(2540,'2022-06-17 14:27:57',7.7,'Gemeten pH-waarde',3,0,2),(2541,'2022-06-17 14:28:10',29.12,'Gemeten temperatuur',1,0,2),(2542,'2022-06-17 14:28:10',0,'Gemeten kwaliteit waarde',2,0,1),(2543,'2022-06-17 14:28:10',7.62,'Gemeten pH-waarde',3,0,2),(2544,'2022-06-17 14:28:22',29.12,'Gemeten temperatuur',1,0,2),(2545,'2022-06-17 14:28:22',0,'Gemeten kwaliteit waarde',2,0,1),(2546,'2022-06-17 14:28:22',7.62,'Gemeten pH-waarde',3,0,2),(2547,'2022-06-17 14:28:35',29.12,'Gemeten temperatuur',1,0,2),(2548,'2022-06-17 14:28:35',0,'Gemeten kwaliteit waarde',2,0,1),(2549,'2022-06-17 14:28:35',7.68,'Gemeten pH-waarde',3,0,2),(2550,'2022-06-17 14:28:48',29.12,'Gemeten temperatuur',1,0,2),(2551,'2022-06-17 14:28:48',0,'Gemeten kwaliteit waarde',2,0,1),(2552,'2022-06-17 14:28:48',7.67,'Gemeten pH-waarde',3,0,2),(2553,'2022-06-17 14:29:02',29.12,'Gemeten temperatuur',1,0,2),(2554,'2022-06-17 14:29:02',0,'Gemeten kwaliteit waarde',2,0,1),(2555,'2022-06-17 14:29:02',7.59,'Gemeten pH-waarde',3,0,2),(2556,'2022-06-17 14:29:15',29.12,'Gemeten temperatuur',1,0,2),(2557,'2022-06-17 14:29:15',0,'Gemeten kwaliteit waarde',2,0,1),(2558,'2022-06-17 14:29:15',7.71,'Gemeten pH-waarde',3,0,2),(2559,'2022-06-17 14:29:28',29.12,'Gemeten temperatuur',1,0,2),(2560,'2022-06-17 14:29:28',0,'Gemeten kwaliteit waarde',2,0,1),(2561,'2022-06-17 14:29:28',7.71,'Gemeten pH-waarde',3,0,2),(2562,'2022-06-17 14:29:41',29.12,'Gemeten temperatuur',1,0,2),(2563,'2022-06-17 14:29:41',0,'Gemeten kwaliteit waarde',2,0,1),(2564,'2022-06-17 14:29:41',7.54,'Gemeten pH-waarde',3,0,2),(2565,'2022-06-17 14:29:55',29.12,'Gemeten temperatuur',1,0,2),(2566,'2022-06-17 14:29:55',0,'Gemeten kwaliteit waarde',2,0,1),(2567,'2022-06-17 14:29:55',7.67,'Gemeten pH-waarde',3,0,2),(2568,'2022-06-17 14:30:08',29.12,'Gemeten temperatuur',1,0,2),(2569,'2022-06-17 14:30:08',0,'Gemeten kwaliteit waarde',2,0,1),(2570,'2022-06-17 14:30:08',7.69,'Gemeten pH-waarde',3,0,2),(2571,'2022-06-17 14:30:21',29.12,'Gemeten temperatuur',1,0,2),(2572,'2022-06-17 14:30:21',0,'Gemeten kwaliteit waarde',2,0,1),(2573,'2022-06-17 14:30:21',7.7,'Gemeten pH-waarde',3,0,2),(2574,'2022-06-17 14:30:34',29.12,'Gemeten temperatuur',1,0,2),(2575,'2022-06-17 14:30:34',0,'Gemeten kwaliteit waarde',2,0,1),(2576,'2022-06-17 14:30:34',7.7,'Gemeten pH-waarde',3,0,2),(2577,'2022-06-17 14:30:47',29.12,'Gemeten temperatuur',1,0,2),(2578,'2022-06-17 14:30:47',0,'Gemeten kwaliteit waarde',2,0,1),(2579,'2022-06-17 14:30:47',7.68,'Gemeten pH-waarde',3,0,2),(2580,'2022-06-17 14:31:00',29.12,'Gemeten temperatuur',1,0,2),(2581,'2022-06-17 14:31:00',0,'Gemeten kwaliteit waarde',2,0,1),(2582,'2022-06-17 14:31:00',7.61,'Gemeten pH-waarde',3,0,2),(2583,'2022-06-17 14:31:13',29.12,'Gemeten temperatuur',1,0,2),(2584,'2022-06-17 14:31:13',0,'Gemeten kwaliteit waarde',2,0,1),(2585,'2022-06-17 14:31:13',7.59,'Gemeten pH-waarde',3,0,2),(2586,'2022-06-17 14:31:26',29.12,'Gemeten temperatuur',1,0,2),(2587,'2022-06-17 14:31:26',0,'Gemeten kwaliteit waarde',2,0,1),(2588,'2022-06-17 14:31:26',7.52,'Gemeten pH-waarde',3,0,2),(2589,'2022-06-17 14:31:39',29.12,'Gemeten temperatuur',1,0,2),(2590,'2022-06-17 14:31:39',0,'Gemeten kwaliteit waarde',2,0,1),(2591,'2022-06-17 14:31:39',7.71,'Gemeten pH-waarde',3,0,2),(2592,'2022-06-17 14:31:52',29.12,'Gemeten temperatuur',1,0,2),(2593,'2022-06-17 14:31:52',0,'Gemeten kwaliteit waarde',2,0,1),(2594,'2022-06-17 14:31:52',7.58,'Gemeten pH-waarde',3,0,2),(2595,'2022-06-17 14:32:05',29.12,'Gemeten temperatuur',1,0,2),(2596,'2022-06-17 14:32:05',0,'Gemeten kwaliteit waarde',2,0,1),(2597,'2022-06-17 14:32:05',7.54,'Gemeten pH-waarde',3,0,2),(2598,'2022-06-17 14:32:18',29.12,'Gemeten temperatuur',1,0,2),(2599,'2022-06-17 14:32:18',0,'Gemeten kwaliteit waarde',2,0,1),(2600,'2022-06-17 14:32:18',7.6,'Gemeten pH-waarde',3,0,2),(2601,'2022-06-17 14:32:31',29.12,'Gemeten temperatuur',1,0,2),(2602,'2022-06-17 14:32:31',0,'Gemeten kwaliteit waarde',2,0,1),(2603,'2022-06-17 14:32:31',7.59,'Gemeten pH-waarde',3,0,2),(2604,'2022-06-17 14:32:44',29.25,'Gemeten temperatuur',1,0,2),(2605,'2022-06-17 14:32:44',0,'Gemeten kwaliteit waarde',2,0,1),(2606,'2022-06-17 14:32:44',7.61,'Gemeten pH-waarde',3,0,2),(2607,'2022-06-17 14:32:57',29.25,'Gemeten temperatuur',1,0,2),(2608,'2022-06-17 14:32:57',0,'Gemeten kwaliteit waarde',2,0,1),(2609,'2022-06-17 14:32:57',7.57,'Gemeten pH-waarde',3,0,2),(2610,'2022-06-17 14:33:10',29.19,'Gemeten temperatuur',1,0,2),(2611,'2022-06-17 14:33:10',0,'Gemeten kwaliteit waarde',2,0,1),(2612,'2022-06-17 14:33:10',7.54,'Gemeten pH-waarde',3,0,2),(2613,'2022-06-17 14:33:23',29.19,'Gemeten temperatuur',1,0,2),(2614,'2022-06-17 14:33:23',0,'Gemeten kwaliteit waarde',2,0,1),(2615,'2022-06-17 14:33:23',7.68,'Gemeten pH-waarde',3,0,2),(2616,'2022-06-17 14:33:37',29.19,'Gemeten temperatuur',1,0,2),(2617,'2022-06-17 14:33:37',0,'Gemeten kwaliteit waarde',2,0,1),(2618,'2022-06-17 14:33:37',7.68,'Gemeten pH-waarde',3,0,2),(2619,'2022-06-17 14:33:50',29.12,'Gemeten temperatuur',1,0,2),(2620,'2022-06-17 14:33:50',0,'Gemeten kwaliteit waarde',2,0,1),(2621,'2022-06-17 14:33:50',7.63,'Gemeten pH-waarde',3,0,2),(2622,'2022-06-17 14:34:03',29.12,'Gemeten temperatuur',1,0,2),(2623,'2022-06-17 14:34:03',0,'Gemeten kwaliteit waarde',2,0,1),(2624,'2022-06-17 14:34:03',7.65,'Gemeten pH-waarde',3,0,2),(2625,'2022-06-17 14:34:16',29.12,'Gemeten temperatuur',1,0,2),(2626,'2022-06-17 14:34:16',0,'Gemeten kwaliteit waarde',2,0,1),(2627,'2022-06-17 14:34:16',7.69,'Gemeten pH-waarde',3,0,2),(2628,'2022-06-17 14:34:29',29.12,'Gemeten temperatuur',1,0,2),(2629,'2022-06-17 14:34:29',0,'Gemeten kwaliteit waarde',2,0,1),(2630,'2022-06-17 14:34:29',7.6,'Gemeten pH-waarde',3,0,2),(2631,'2022-06-17 14:34:42',29.12,'Gemeten temperatuur',1,0,2),(2632,'2022-06-17 14:34:42',0,'Gemeten kwaliteit waarde',2,0,1),(2633,'2022-06-17 14:34:42',7.65,'Gemeten pH-waarde',3,0,2),(2634,'2022-06-17 14:34:55',29.12,'Gemeten temperatuur',1,0,2),(2635,'2022-06-17 14:34:55',0,'Gemeten kwaliteit waarde',2,0,1),(2636,'2022-06-17 14:34:55',7.7,'Gemeten pH-waarde',3,0,2),(2637,'2022-06-17 14:35:08',29.12,'Gemeten temperatuur',1,0,2),(2638,'2022-06-17 14:35:08',0,'Gemeten kwaliteit waarde',2,0,1),(2639,'2022-06-17 14:35:08',7.69,'Gemeten pH-waarde',3,0,2),(2640,'2022-06-17 14:35:21',29.12,'Gemeten temperatuur',1,0,2),(2641,'2022-06-17 14:35:21',0,'Gemeten kwaliteit waarde',2,0,1),(2642,'2022-06-17 14:35:21',7.6,'Gemeten pH-waarde',3,0,2),(2643,'2022-06-17 14:35:33',29.12,'Gemeten temperatuur',1,0,2),(2644,'2022-06-17 14:35:33',0,'Gemeten kwaliteit waarde',2,0,1),(2645,'2022-06-17 14:35:33',7.68,'Gemeten pH-waarde',3,0,2),(2646,'2022-06-17 14:35:46',29.12,'Gemeten temperatuur',1,0,2),(2647,'2022-06-17 14:35:46',0,'Gemeten kwaliteit waarde',2,0,1),(2648,'2022-06-17 14:35:46',7.65,'Gemeten pH-waarde',3,0,2),(2649,'2022-06-17 14:35:59',29.12,'Gemeten temperatuur',1,0,2),(2650,'2022-06-17 14:35:59',0,'Gemeten kwaliteit waarde',2,0,1),(2651,'2022-06-17 14:35:59',7.72,'Gemeten pH-waarde',3,0,2),(2652,'2022-06-17 14:36:12',29.12,'Gemeten temperatuur',1,0,2),(2653,'2022-06-17 14:36:12',0,'Gemeten kwaliteit waarde',2,0,1),(2654,'2022-06-17 14:36:12',7.59,'Gemeten pH-waarde',3,0,2),(2655,'2022-06-17 14:36:25',29.12,'Gemeten temperatuur',1,0,2),(2656,'2022-06-17 14:36:25',0,'Gemeten kwaliteit waarde',2,0,1),(2657,'2022-06-17 14:36:25',7.67,'Gemeten pH-waarde',3,0,2),(2658,'2022-06-17 14:36:37',29.12,'Gemeten temperatuur',1,0,2),(2659,'2022-06-17 14:36:37',0,'Gemeten kwaliteit waarde',2,0,1),(2660,'2022-06-17 14:36:37',7.62,'Gemeten pH-waarde',3,0,2),(2661,'2022-06-17 14:36:51',29.12,'Gemeten temperatuur',1,0,2),(2662,'2022-06-17 14:36:51',0,'Gemeten kwaliteit waarde',2,0,1),(2663,'2022-06-17 14:36:51',7.67,'Gemeten pH-waarde',3,0,2),(2664,'2022-06-17 14:37:04',29.12,'Gemeten temperatuur',1,0,2),(2665,'2022-06-17 14:37:04',0,'Gemeten kwaliteit waarde',2,0,1),(2666,'2022-06-17 14:37:04',7.61,'Gemeten pH-waarde',3,0,2),(2667,'2022-06-17 14:37:17',29.12,'Gemeten temperatuur',1,0,2),(2668,'2022-06-17 14:37:17',0,'Gemeten kwaliteit waarde',2,0,1),(2669,'2022-06-17 14:37:17',7.72,'Gemeten pH-waarde',3,0,2),(2670,'2022-06-17 14:37:30',29.12,'Gemeten temperatuur',1,0,2),(2671,'2022-06-17 14:37:30',0,'Gemeten kwaliteit waarde',2,0,1),(2672,'2022-06-17 14:37:30',7.59,'Gemeten pH-waarde',3,0,2),(2673,'2022-06-17 14:37:43',29.12,'Gemeten temperatuur',1,0,2),(2674,'2022-06-17 14:37:43',0,'Gemeten kwaliteit waarde',2,0,1),(2675,'2022-06-17 14:37:43',7.59,'Gemeten pH-waarde',3,0,2),(2676,'2022-06-17 14:37:56',29.12,'Gemeten temperatuur',1,0,2),(2677,'2022-06-17 14:37:56',0,'Gemeten kwaliteit waarde',2,0,1),(2678,'2022-06-17 14:37:56',7.56,'Gemeten pH-waarde',3,0,2),(2679,'2022-06-17 14:38:09',29.12,'Gemeten temperatuur',1,0,2),(2680,'2022-06-17 14:38:09',0,'Gemeten kwaliteit waarde',2,0,1),(2681,'2022-06-17 14:38:09',7.57,'Gemeten pH-waarde',3,0,2),(2682,'2022-06-17 14:38:22',29.19,'Gemeten temperatuur',1,0,2),(2683,'2022-06-17 14:38:22',0,'Gemeten kwaliteit waarde',2,0,1),(2684,'2022-06-17 14:38:22',7.59,'Gemeten pH-waarde',3,0,2),(2685,'2022-06-17 14:38:35',29.12,'Gemeten temperatuur',1,0,2),(2686,'2022-06-17 14:38:35',0,'Gemeten kwaliteit waarde',2,0,1),(2687,'2022-06-17 14:38:35',7.71,'Gemeten pH-waarde',3,0,2),(2688,'2022-06-17 14:38:48',29.12,'Gemeten temperatuur',1,0,2),(2689,'2022-06-17 14:38:48',0,'Gemeten kwaliteit waarde',2,0,1),(2690,'2022-06-17 14:38:48',7.61,'Gemeten pH-waarde',3,0,2),(2691,'2022-06-17 14:39:01',29.12,'Gemeten temperatuur',1,0,2),(2692,'2022-06-17 14:39:01',0,'Gemeten kwaliteit waarde',2,0,1),(2693,'2022-06-17 14:39:01',7.6,'Gemeten pH-waarde',3,0,2),(2694,'2022-06-17 14:39:14',29.12,'Gemeten temperatuur',1,0,2),(2695,'2022-06-17 14:39:14',0,'Gemeten kwaliteit waarde',2,0,1),(2696,'2022-06-17 14:39:14',7.65,'Gemeten pH-waarde',3,0,2),(2697,'2022-06-17 14:39:27',29.12,'Gemeten temperatuur',1,0,2),(2698,'2022-06-17 14:39:27',0,'Gemeten kwaliteit waarde',2,0,1),(2699,'2022-06-17 14:39:27',7.61,'Gemeten pH-waarde',3,0,2),(2700,'2022-06-17 14:39:41',29.12,'Gemeten temperatuur',1,0,2),(2701,'2022-06-17 14:39:41',0,'Gemeten kwaliteit waarde',2,0,1),(2702,'2022-06-17 14:39:41',7.56,'Gemeten pH-waarde',3,0,2),(2703,'2022-06-17 14:39:53',29.06,'Gemeten temperatuur',1,0,2),(2704,'2022-06-17 14:39:53',0,'Gemeten kwaliteit waarde',2,0,1),(2705,'2022-06-17 14:39:53',7.72,'Gemeten pH-waarde',3,0,2),(2706,'2022-06-17 14:40:06',29.06,'Gemeten temperatuur',1,0,2),(2707,'2022-06-17 14:40:06',0,'Gemeten kwaliteit waarde',2,0,1),(2708,'2022-06-17 14:40:06',7.6,'Gemeten pH-waarde',3,0,2),(2709,'2022-06-17 14:40:19',29.06,'Gemeten temperatuur',1,0,2),(2710,'2022-06-17 14:40:19',0,'Gemeten kwaliteit waarde',2,0,1),(2711,'2022-06-17 14:40:19',7.51,'Gemeten pH-waarde',3,0,2),(2712,'2022-06-17 14:40:32',29.06,'Gemeten temperatuur',1,0,2),(2713,'2022-06-17 14:40:32',0,'Gemeten kwaliteit waarde',2,0,1),(2714,'2022-06-17 14:40:32',7.65,'Gemeten pH-waarde',3,0,2),(2715,'2022-06-17 14:40:45',29.06,'Gemeten temperatuur',1,0,2),(2716,'2022-06-17 14:40:45',0,'Gemeten kwaliteit waarde',2,0,1),(2717,'2022-06-17 14:40:45',7.74,'Gemeten pH-waarde',3,0,2),(2718,'2022-06-17 14:40:58',29.06,'Gemeten temperatuur',1,0,2),(2719,'2022-06-17 14:40:58',0,'Gemeten kwaliteit waarde',2,0,1),(2720,'2022-06-17 14:40:58',7.6,'Gemeten pH-waarde',3,0,2),(2721,'2022-06-17 14:41:12',29.12,'Gemeten temperatuur',1,0,2),(2722,'2022-06-17 14:41:12',0,'Gemeten kwaliteit waarde',2,0,1),(2723,'2022-06-17 14:41:12',7.53,'Gemeten pH-waarde',3,0,2),(2724,'2022-06-17 14:41:24',29.06,'Gemeten temperatuur',1,0,2),(2725,'2022-06-17 14:41:24',0,'Gemeten kwaliteit waarde',2,0,1),(2726,'2022-06-17 14:41:24',7.67,'Gemeten pH-waarde',3,0,2),(2727,'2022-06-17 14:41:37',29.06,'Gemeten temperatuur',1,0,2),(2728,'2022-06-17 14:41:37',0,'Gemeten kwaliteit waarde',2,0,1),(2729,'2022-06-17 14:41:37',7.67,'Gemeten pH-waarde',3,0,2),(2730,'2022-06-17 17:23:16',28.69,'Gemeten temperatuur',1,0,2),(2731,'2022-06-17 17:23:16',3,'Gemeten kwaliteit waarde',2,0,1),(2732,'2022-06-17 17:23:16',7.43,'Gemeten pH-waarde',3,0,2),(2733,'2022-06-17 17:23:28',28.62,'Gemeten temperatuur',1,0,2),(2734,'2022-06-17 17:23:28',3,'Gemeten kwaliteit waarde',2,0,1),(2735,'2022-06-17 17:23:28',7.44,'Gemeten pH-waarde',3,0,2),(2736,'2022-06-17 17:23:41',28.62,'Gemeten temperatuur',1,0,2),(2737,'2022-06-17 17:23:41',3,'Gemeten kwaliteit waarde',2,0,1),(2738,'2022-06-17 17:23:41',7.42,'Gemeten pH-waarde',3,0,2),(2739,'2022-06-17 17:23:54',28.56,'Gemeten temperatuur',1,0,2),(2740,'2022-06-17 17:23:54',3,'Gemeten kwaliteit waarde',2,0,1),(2741,'2022-06-17 17:23:54',7.43,'Gemeten pH-waarde',3,0,2),(2742,'2022-06-17 17:24:07',28.56,'Gemeten temperatuur',1,0,2),(2743,'2022-06-17 17:24:07',3,'Gemeten kwaliteit waarde',2,0,1),(2744,'2022-06-17 17:24:07',7.42,'Gemeten pH-waarde',3,0,2),(2745,'2022-06-17 17:24:21',28.56,'Gemeten temperatuur',1,0,2),(2746,'2022-06-17 17:24:21',3,'Gemeten kwaliteit waarde',2,0,1),(2747,'2022-06-17 17:24:21',7.43,'Gemeten pH-waarde',3,0,2),(2748,'2022-06-17 17:24:34',28.5,'Gemeten temperatuur',1,0,2),(2749,'2022-06-17 17:24:34',3,'Gemeten kwaliteit waarde',2,0,1),(2750,'2022-06-17 17:24:34',7.42,'Gemeten pH-waarde',3,0,2),(2751,'2022-06-17 17:24:47',28.5,'Gemeten temperatuur',1,0,2),(2752,'2022-06-17 17:24:47',3,'Gemeten kwaliteit waarde',2,0,1),(2753,'2022-06-17 17:24:47',7.44,'Gemeten pH-waarde',3,0,2),(2754,'2022-06-17 21:47:17',27.75,'Gemeten temperatuur',1,0,2),(2755,'2022-06-17 21:47:17',0,'Gemeten kwaliteit waarde',2,0,1),(2756,'2022-06-17 21:47:17',7.71,'Gemeten pH-waarde',3,0,2),(2757,'2022-06-17 21:47:29',27.75,'Gemeten temperatuur',1,0,2),(2758,'2022-06-17 21:47:29',0,'Gemeten kwaliteit waarde',2,0,1),(2759,'2022-06-17 21:47:29',7.69,'Gemeten pH-waarde',3,0,2),(2760,'2022-06-17 21:47:42',27.75,'Gemeten temperatuur',1,0,2),(2761,'2022-06-17 21:47:42',0,'Gemeten kwaliteit waarde',2,0,1),(2762,'2022-06-17 21:47:42',7.68,'Gemeten pH-waarde',3,0,2),(2763,'2022-06-17 21:47:55',27.75,'Gemeten temperatuur',1,0,2),(2764,'2022-06-17 21:47:55',0,'Gemeten kwaliteit waarde',2,0,1),(2765,'2022-06-17 21:47:55',7.7,'Gemeten pH-waarde',3,0,2),(2766,'2022-06-17 21:48:09',27.69,'Gemeten temperatuur',1,0,2),(2767,'2022-06-17 21:48:09',0,'Gemeten kwaliteit waarde',2,0,1),(2768,'2022-06-17 21:48:09',7.7,'Gemeten pH-waarde',3,0,2),(2769,'2022-06-17 21:48:22',27.69,'Gemeten temperatuur',1,0,2),(2770,'2022-06-17 21:48:22',0,'Gemeten kwaliteit waarde',2,0,1),(2771,'2022-06-17 21:48:22',7.7,'Gemeten pH-waarde',3,0,2),(2772,'2022-06-17 21:48:35',29.62,'Gemeten temperatuur',1,0,2),(2773,'2022-06-17 21:48:35',0,'Gemeten kwaliteit waarde',2,0,1),(2774,'2022-06-17 21:48:35',7.69,'Gemeten pH-waarde',3,0,2),(2775,'2022-06-17 21:48:48',29.44,'Gemeten temperatuur',1,0,2),(2776,'2022-06-17 21:48:48',0,'Gemeten kwaliteit waarde',2,0,1),(2777,'2022-06-17 21:48:48',7.69,'Gemeten pH-waarde',3,0,2),(2778,'2022-06-17 21:55:27',27.62,'Gemeten temperatuur',1,0,2),(2779,'2022-06-17 21:55:27',0,'Gemeten kwaliteit waarde',2,0,1),(2780,'2022-06-17 21:55:27',7.67,'Gemeten pH-waarde',3,0,2),(2781,'2022-06-17 21:55:39',27.56,'Gemeten temperatuur',1,0,2),(2782,'2022-06-17 21:55:39',0,'Gemeten kwaliteit waarde',2,0,1),(2783,'2022-06-17 21:55:39',7.68,'Gemeten pH-waarde',3,0,2),(2784,'2022-06-17 21:55:52',27.56,'Gemeten temperatuur',1,0,2),(2785,'2022-06-17 21:55:52',0,'Gemeten kwaliteit waarde',2,0,1),(2786,'2022-06-17 21:55:52',7.68,'Gemeten pH-waarde',3,0,2),(2787,'2022-06-17 21:56:05',27.56,'Gemeten temperatuur',1,0,2),(2788,'2022-06-17 21:56:05',0,'Gemeten kwaliteit waarde',2,0,1),(2789,'2022-06-17 21:56:05',7.68,'Gemeten pH-waarde',3,0,2),(2790,'2022-06-17 21:56:19',27.56,'Gemeten temperatuur',1,0,2),(2791,'2022-06-17 21:56:19',0,'Gemeten kwaliteit waarde',2,0,1),(2792,'2022-06-17 21:56:19',7.68,'Gemeten pH-waarde',3,0,2),(2793,'2022-06-17 21:56:32',27.5,'Gemeten temperatuur',1,0,2),(2794,'2022-06-17 21:56:32',0,'Gemeten kwaliteit waarde',2,0,1),(2795,'2022-06-17 21:56:32',7.67,'Gemeten pH-waarde',3,0,2),(2796,'2022-06-17 21:56:45',27.5,'Gemeten temperatuur',1,0,2),(2797,'2022-06-17 21:56:45',0,'Gemeten kwaliteit waarde',2,0,1),(2798,'2022-06-17 21:56:45',7.68,'Gemeten pH-waarde',3,0,2),(2799,'2022-06-17 21:56:57',27.5,'Gemeten temperatuur',1,0,2),(2800,'2022-06-17 21:56:57',0,'Gemeten kwaliteit waarde',2,0,1),(2801,'2022-06-17 21:56:57',7.69,'Gemeten pH-waarde',3,0,2),(2802,'2022-06-17 21:57:10',27.5,'Gemeten temperatuur',1,0,2),(2803,'2022-06-17 21:57:10',0,'Gemeten kwaliteit waarde',2,0,1),(2804,'2022-06-17 21:57:10',7.69,'Gemeten pH-waarde',3,0,2),(2805,'2022-06-17 21:57:23',27.44,'Gemeten temperatuur',1,0,2),(2806,'2022-06-17 21:57:23',0,'Gemeten kwaliteit waarde',2,0,1),(2807,'2022-06-17 21:57:23',7.68,'Gemeten pH-waarde',3,0,2),(2808,'2022-06-17 21:57:36',27.44,'Gemeten temperatuur',1,0,2),(2809,'2022-06-17 21:57:36',0,'Gemeten kwaliteit waarde',2,0,1),(2810,'2022-06-17 21:57:36',7.68,'Gemeten pH-waarde',3,0,2),(2811,'2022-06-17 21:57:49',27.44,'Gemeten temperatuur',1,0,2),(2812,'2022-06-17 21:57:49',0,'Gemeten kwaliteit waarde',2,0,1),(2813,'2022-06-17 21:57:49',7.7,'Gemeten pH-waarde',3,0,2),(2814,'2022-06-17 21:58:02',27.44,'Gemeten temperatuur',1,0,2),(2815,'2022-06-17 21:58:02',0,'Gemeten kwaliteit waarde',2,0,1),(2816,'2022-06-17 21:58:02',7.7,'Gemeten pH-waarde',3,0,2),(2817,'2022-06-17 21:58:16',27.44,'Gemeten temperatuur',1,0,2),(2818,'2022-06-17 21:58:16',0,'Gemeten kwaliteit waarde',2,0,1),(2819,'2022-06-17 21:58:16',7.69,'Gemeten pH-waarde',3,0,2),(2820,'2022-06-17 21:58:29',27.44,'Gemeten temperatuur',1,0,2),(2821,'2022-06-17 21:58:29',0,'Gemeten kwaliteit waarde',2,0,1),(2822,'2022-06-17 21:58:29',7.68,'Gemeten pH-waarde',3,0,2),(2823,'2022-06-17 21:58:42',27.38,'Gemeten temperatuur',1,0,2),(2824,'2022-06-17 21:58:42',0,'Gemeten kwaliteit waarde',2,0,1),(2825,'2022-06-17 21:58:42',7.7,'Gemeten pH-waarde',3,0,2),(2826,'2022-06-17 21:58:55',27.38,'Gemeten temperatuur',1,0,2),(2827,'2022-06-17 21:58:55',0,'Gemeten kwaliteit waarde',2,0,1),(2828,'2022-06-17 21:58:55',7.67,'Gemeten pH-waarde',3,0,2),(2829,'2022-06-17 21:59:08',27.38,'Gemeten temperatuur',1,0,2),(2830,'2022-06-17 21:59:08',0,'Gemeten kwaliteit waarde',2,0,1),(2831,'2022-06-17 21:59:08',7.67,'Gemeten pH-waarde',3,0,2),(2832,'2022-06-17 21:59:22',27.38,'Gemeten temperatuur',1,0,2),(2833,'2022-06-17 21:59:22',0,'Gemeten kwaliteit waarde',2,0,1),(2834,'2022-06-17 21:59:22',7.67,'Gemeten pH-waarde',3,0,2),(2835,'2022-06-17 21:59:35',31.38,'Gemeten temperatuur',1,0,2),(2836,'2022-06-17 21:59:35',0,'Gemeten kwaliteit waarde',2,0,1),(2837,'2022-06-17 21:59:35',7.65,'Gemeten pH-waarde',3,0,2),(2838,'2022-06-17 21:59:47',30.94,'Gemeten temperatuur',1,0,2),(2839,'2022-06-17 21:59:47',0,'Gemeten kwaliteit waarde',2,0,1),(2840,'2022-06-17 21:59:47',7.68,'Gemeten pH-waarde',3,0,2),(2841,'2022-06-17 22:00:00',30.62,'Gemeten temperatuur',1,0,2),(2842,'2022-06-17 22:00:00',0,'Gemeten kwaliteit waarde',2,0,1),(2843,'2022-06-17 22:00:00',7.66,'Gemeten pH-waarde',3,0,2),(2844,'2022-06-17 22:00:14',30.44,'Gemeten temperatuur',1,0,2),(2845,'2022-06-17 22:00:14',0,'Gemeten kwaliteit waarde',2,0,1),(2846,'2022-06-17 22:00:14',7.66,'Gemeten pH-waarde',3,0,2),(2847,'2022-06-17 22:00:26',30.25,'Gemeten temperatuur',1,0,2),(2848,'2022-06-17 22:00:26',0,'Gemeten kwaliteit waarde',2,0,1),(2849,'2022-06-17 22:00:26',7.66,'Gemeten pH-waarde',3,0,2),(2850,'2022-06-17 22:00:39',30.06,'Gemeten temperatuur',1,0,2),(2851,'2022-06-17 22:00:39',0,'Gemeten kwaliteit waarde',2,0,1),(2852,'2022-06-17 22:00:39',7.66,'Gemeten pH-waarde',3,0,2),(2853,'2022-06-17 22:00:52',29.88,'Gemeten temperatuur',1,0,2),(2854,'2022-06-17 22:00:52',0,'Gemeten kwaliteit waarde',2,0,1),(2855,'2022-06-17 22:00:52',7.67,'Gemeten pH-waarde',3,0,2),(2856,'2022-06-17 22:01:05',29.75,'Gemeten temperatuur',1,0,2),(2857,'2022-06-17 22:01:05',0,'Gemeten kwaliteit waarde',2,0,1),(2858,'2022-06-17 22:01:05',7.67,'Gemeten pH-waarde',3,0,2),(2859,'2022-06-17 22:01:18',29.62,'Gemeten temperatuur',1,0,2),(2860,'2022-06-17 22:01:18',0,'Gemeten kwaliteit waarde',2,0,1),(2861,'2022-06-17 22:01:18',7.67,'Gemeten pH-waarde',3,0,2),(2862,'2022-06-17 22:01:31',29.5,'Gemeten temperatuur',1,0,2),(2863,'2022-06-17 22:01:31',0,'Gemeten kwaliteit waarde',2,0,1),(2864,'2022-06-17 22:01:31',7.66,'Gemeten pH-waarde',3,0,2),(2865,'2022-06-17 22:01:45',29.31,'Gemeten temperatuur',1,0,2),(2866,'2022-06-17 22:01:45',0,'Gemeten kwaliteit waarde',2,0,1),(2867,'2022-06-17 22:01:45',7.69,'Gemeten pH-waarde',3,0,2),(2868,'2022-06-17 22:01:58',29.19,'Gemeten temperatuur',1,0,2),(2869,'2022-06-17 22:01:58',0,'Gemeten kwaliteit waarde',2,0,1),(2870,'2022-06-17 22:01:58',7.68,'Gemeten pH-waarde',3,0,2),(2871,'2022-06-17 22:02:11',29.12,'Gemeten temperatuur',1,0,2),(2872,'2022-06-17 22:02:11',0,'Gemeten kwaliteit waarde',2,0,1),(2873,'2022-06-17 22:02:11',7.67,'Gemeten pH-waarde',3,0,2),(2874,'2022-06-17 22:02:23',29,'Gemeten temperatuur',1,0,2),(2875,'2022-06-17 22:02:23',0,'Gemeten kwaliteit waarde',2,0,1),(2876,'2022-06-17 22:02:23',7.69,'Gemeten pH-waarde',3,0,2),(2877,'2022-06-17 22:02:36',28.88,'Gemeten temperatuur',1,0,2),(2878,'2022-06-17 22:02:36',0,'Gemeten kwaliteit waarde',2,0,1),(2879,'2022-06-17 22:02:36',7.68,'Gemeten pH-waarde',3,0,2),(2880,'2022-06-17 22:02:50',28.75,'Gemeten temperatuur',1,0,2),(2881,'2022-06-17 22:02:50',0,'Gemeten kwaliteit waarde',2,0,1),(2882,'2022-06-17 22:02:50',7.69,'Gemeten pH-waarde',3,0,2),(2883,'2022-06-17 22:03:02',28.69,'Gemeten temperatuur',1,0,2),(2884,'2022-06-17 22:03:02',0,'Gemeten kwaliteit waarde',2,0,1),(2885,'2022-06-17 22:03:02',7.69,'Gemeten pH-waarde',3,0,2),(2886,'2022-06-17 22:03:15',28.62,'Gemeten temperatuur',1,0,2),(2887,'2022-06-17 22:03:15',0,'Gemeten kwaliteit waarde',2,0,1),(2888,'2022-06-17 22:03:15',7.69,'Gemeten pH-waarde',3,0,2),(2889,'2022-06-17 22:03:29',28.5,'Gemeten temperatuur',1,0,2),(2890,'2022-06-17 22:03:29',0,'Gemeten kwaliteit waarde',2,0,1),(2891,'2022-06-17 22:03:29',7.68,'Gemeten pH-waarde',3,0,2),(2892,'2022-06-17 22:03:42',28.44,'Gemeten temperatuur',1,0,2),(2893,'2022-06-17 22:03:42',0,'Gemeten kwaliteit waarde',2,0,1),(2894,'2022-06-17 22:03:42',7.7,'Gemeten pH-waarde',3,0,2),(2895,'2022-06-17 22:03:55',28.38,'Gemeten temperatuur',1,0,2),(2896,'2022-06-17 22:03:55',0,'Gemeten kwaliteit waarde',2,0,1),(2897,'2022-06-17 22:03:55',7.68,'Gemeten pH-waarde',3,0,2),(2898,'2022-06-17 22:04:08',28.31,'Gemeten temperatuur',1,0,2),(2899,'2022-06-17 22:04:08',0,'Gemeten kwaliteit waarde',2,0,1),(2900,'2022-06-17 22:04:08',7.68,'Gemeten pH-waarde',3,0,2),(2901,'2022-06-17 22:04:21',28.19,'Gemeten temperatuur',1,0,2),(2902,'2022-06-17 22:04:21',0,'Gemeten kwaliteit waarde',2,0,1),(2903,'2022-06-17 22:04:21',7.69,'Gemeten pH-waarde',3,0,2),(2904,'2022-06-17 22:04:35',28.12,'Gemeten temperatuur',1,0,2),(2905,'2022-06-17 22:04:35',0,'Gemeten kwaliteit waarde',2,0,1),(2906,'2022-06-17 22:04:35',7.68,'Gemeten pH-waarde',3,0,2),(2907,'2022-06-17 22:04:48',28.06,'Gemeten temperatuur',1,0,2),(2908,'2022-06-17 22:04:48',0,'Gemeten kwaliteit waarde',2,0,1),(2909,'2022-06-17 22:04:48',7.68,'Gemeten pH-waarde',3,0,2),(2910,'2022-06-17 22:05:01',28,'Gemeten temperatuur',1,0,2),(2911,'2022-06-17 22:05:01',0,'Gemeten kwaliteit waarde',2,0,1),(2912,'2022-06-17 22:05:01',7.68,'Gemeten pH-waarde',3,0,2),(2913,'2022-06-17 22:05:14',27.94,'Gemeten temperatuur',1,0,2),(2914,'2022-06-17 22:05:14',0,'Gemeten kwaliteit waarde',2,0,1),(2915,'2022-06-17 22:05:14',7.67,'Gemeten pH-waarde',3,0,2),(2916,'2022-06-17 22:05:27',27.88,'Gemeten temperatuur',1,0,2),(2917,'2022-06-17 22:05:27',0,'Gemeten kwaliteit waarde',2,0,1),(2918,'2022-06-17 22:05:27',7.67,'Gemeten pH-waarde',3,0,2),(2919,'2022-06-17 22:05:40',27.81,'Gemeten temperatuur',1,0,2),(2920,'2022-06-17 22:05:40',0,'Gemeten kwaliteit waarde',2,0,1),(2921,'2022-06-17 22:05:40',7.7,'Gemeten pH-waarde',3,0,2),(2922,'2022-06-17 22:05:53',27.81,'Gemeten temperatuur',1,0,2),(2923,'2022-06-17 22:05:53',0,'Gemeten kwaliteit waarde',2,0,1),(2924,'2022-06-17 22:05:53',7.69,'Gemeten pH-waarde',3,0,2),(2925,'2022-06-17 22:06:06',27.75,'Gemeten temperatuur',1,0,2),(2926,'2022-06-17 22:06:06',0,'Gemeten kwaliteit waarde',2,0,1),(2927,'2022-06-17 22:06:06',7.69,'Gemeten pH-waarde',3,0,2),(2928,'2022-06-17 22:06:19',27.75,'Gemeten temperatuur',1,0,2),(2929,'2022-06-17 22:06:19',0,'Gemeten kwaliteit waarde',2,0,1),(2930,'2022-06-17 22:06:19',7.68,'Gemeten pH-waarde',3,0,2),(2931,'2022-06-17 22:06:32',27.69,'Gemeten temperatuur',1,0,2),(2932,'2022-06-17 22:06:32',0,'Gemeten kwaliteit waarde',2,0,1),(2933,'2022-06-17 22:06:32',7.7,'Gemeten pH-waarde',3,0,2),(2934,'2022-06-17 22:06:45',27.62,'Gemeten temperatuur',1,0,2),(2935,'2022-06-17 22:06:45',0,'Gemeten kwaliteit waarde',2,0,1),(2936,'2022-06-17 22:06:45',7.69,'Gemeten pH-waarde',3,0,2),(2937,'2022-06-17 22:06:58',27.62,'Gemeten temperatuur',1,0,2),(2938,'2022-06-17 22:06:58',0,'Gemeten kwaliteit waarde',2,0,1),(2939,'2022-06-17 22:06:58',7.7,'Gemeten pH-waarde',3,0,2),(2940,'2022-06-17 22:07:11',27.56,'Gemeten temperatuur',1,0,2),(2941,'2022-06-17 22:07:11',0,'Gemeten kwaliteit waarde',2,0,1),(2942,'2022-06-17 22:07:11',7.7,'Gemeten pH-waarde',3,0,2),(2943,'2022-06-17 22:07:24',27.56,'Gemeten temperatuur',1,0,2),(2944,'2022-06-17 22:07:24',0,'Gemeten kwaliteit waarde',2,0,1),(2945,'2022-06-17 22:07:24',7.7,'Gemeten pH-waarde',3,0,2),(2946,'2022-06-17 22:07:37',27.5,'Gemeten temperatuur',1,0,2),(2947,'2022-06-17 22:07:37',0,'Gemeten kwaliteit waarde',2,0,1),(2948,'2022-06-17 22:07:37',7.7,'Gemeten pH-waarde',3,0,2),(2949,'2022-06-17 22:07:50',27.44,'Gemeten temperatuur',1,0,2),(2950,'2022-06-17 22:07:50',0,'Gemeten kwaliteit waarde',2,0,1),(2951,'2022-06-17 22:07:50',7.7,'Gemeten pH-waarde',3,0,2),(2952,'2022-06-17 22:08:03',27.44,'Gemeten temperatuur',1,0,2),(2953,'2022-06-17 22:08:03',0,'Gemeten kwaliteit waarde',2,0,1),(2954,'2022-06-17 22:08:03',7.7,'Gemeten pH-waarde',3,0,2),(2955,'2022-06-17 22:08:16',27.38,'Gemeten temperatuur',1,0,2),(2956,'2022-06-17 22:08:16',0,'Gemeten kwaliteit waarde',2,0,1),(2957,'2022-06-17 22:08:16',7.7,'Gemeten pH-waarde',3,0,2),(2958,'2022-06-17 22:08:29',27.38,'Gemeten temperatuur',1,0,2),(2959,'2022-06-17 22:08:29',0,'Gemeten kwaliteit waarde',2,0,1),(2960,'2022-06-17 22:08:29',7.7,'Gemeten pH-waarde',3,0,2),(2961,'2022-06-17 22:08:42',27.38,'Gemeten temperatuur',1,0,2),(2962,'2022-06-17 22:08:42',0,'Gemeten kwaliteit waarde',2,0,1),(2963,'2022-06-17 22:08:42',7.7,'Gemeten pH-waarde',3,0,2),(2964,'2022-06-17 22:08:55',27.31,'Gemeten temperatuur',1,0,2),(2965,'2022-06-17 22:08:55',0,'Gemeten kwaliteit waarde',2,0,1),(2966,'2022-06-17 22:08:55',7.68,'Gemeten pH-waarde',3,0,2),(2967,'2022-06-17 22:09:08',27.31,'Gemeten temperatuur',1,0,2),(2968,'2022-06-17 22:09:08',0,'Gemeten kwaliteit waarde',2,0,1),(2969,'2022-06-17 22:09:08',7.7,'Gemeten pH-waarde',3,0,2),(2970,'2022-06-17 22:09:21',27.25,'Gemeten temperatuur',1,0,2),(2971,'2022-06-17 22:09:21',0,'Gemeten kwaliteit waarde',2,0,1),(2972,'2022-06-17 22:09:21',7.69,'Gemeten pH-waarde',3,0,2),(2973,'2022-06-17 22:09:34',27.25,'Gemeten temperatuur',1,0,2),(2974,'2022-06-17 22:09:34',0,'Gemeten kwaliteit waarde',2,0,1),(2975,'2022-06-17 22:09:34',7.7,'Gemeten pH-waarde',3,0,2),(2976,'2022-06-17 22:09:47',27.25,'Gemeten temperatuur',1,0,2),(2977,'2022-06-17 22:09:47',0,'Gemeten kwaliteit waarde',2,0,1),(2978,'2022-06-17 22:09:47',7.7,'Gemeten pH-waarde',3,0,2),(2979,'2022-06-17 22:10:00',27.25,'Gemeten temperatuur',1,0,2),(2980,'2022-06-17 22:10:00',0,'Gemeten kwaliteit waarde',2,0,1),(2981,'2022-06-17 22:10:00',7.7,'Gemeten pH-waarde',3,0,2),(2982,'2022-06-17 22:10:13',27.25,'Gemeten temperatuur',1,0,2),(2983,'2022-06-17 22:10:13',0,'Gemeten kwaliteit waarde',2,0,1),(2984,'2022-06-17 22:10:13',7.69,'Gemeten pH-waarde',3,0,2),(2985,'2022-06-17 22:10:26',27.19,'Gemeten temperatuur',1,0,2),(2986,'2022-06-17 22:10:26',0,'Gemeten kwaliteit waarde',2,0,1),(2987,'2022-06-17 22:10:26',7.7,'Gemeten pH-waarde',3,0,2),(2988,'2022-06-17 22:10:39',27.19,'Gemeten temperatuur',1,0,2),(2989,'2022-06-17 22:10:39',0,'Gemeten kwaliteit waarde',2,0,1),(2990,'2022-06-17 22:10:39',7.7,'Gemeten pH-waarde',3,0,2),(2991,'2022-06-17 22:10:52',27.19,'Gemeten temperatuur',1,0,2),(2992,'2022-06-17 22:10:52',0,'Gemeten kwaliteit waarde',2,0,1),(2993,'2022-06-17 22:10:52',7.7,'Gemeten pH-waarde',3,0,2),(2994,'2022-06-17 22:11:04',27.12,'Gemeten temperatuur',1,0,2),(2995,'2022-06-17 22:11:04',0,'Gemeten kwaliteit waarde',2,0,1),(2996,'2022-06-17 22:11:04',7.7,'Gemeten pH-waarde',3,0,2),(2997,'2022-06-17 22:11:17',27.12,'Gemeten temperatuur',1,0,2),(2998,'2022-06-17 22:11:17',0,'Gemeten kwaliteit waarde',2,0,1),(2999,'2022-06-17 22:11:17',7.7,'Gemeten pH-waarde',3,0,2),(3000,'2022-06-17 22:11:30',27.12,'Gemeten temperatuur',1,0,2),(3001,'2022-06-17 22:11:30',0,'Gemeten kwaliteit waarde',2,0,1),(3002,'2022-06-17 22:11:30',7.7,'Gemeten pH-waarde',3,0,2),(3003,'2022-06-17 22:11:43',27.12,'Gemeten temperatuur',1,0,2),(3004,'2022-06-17 22:11:43',0,'Gemeten kwaliteit waarde',2,0,1),(3005,'2022-06-17 22:11:43',7.7,'Gemeten pH-waarde',3,0,2),(3006,'2022-06-17 22:11:56',27.12,'Gemeten temperatuur',1,0,2),(3007,'2022-06-17 22:11:56',0,'Gemeten kwaliteit waarde',2,0,1),(3008,'2022-06-17 22:11:56',7.69,'Gemeten pH-waarde',3,0,2),(3009,'2022-06-17 22:12:09',27.06,'Gemeten temperatuur',1,0,2),(3010,'2022-06-17 22:12:09',0,'Gemeten kwaliteit waarde',2,0,1),(3011,'2022-06-17 22:12:09',7.7,'Gemeten pH-waarde',3,0,2),(3012,'2022-06-17 22:12:23',27.06,'Gemeten temperatuur',1,0,2),(3013,'2022-06-17 22:12:23',0,'Gemeten kwaliteit waarde',2,0,1),(3014,'2022-06-17 22:12:23',7.7,'Gemeten pH-waarde',3,0,2),(3015,'2022-06-17 22:12:36',27.06,'Gemeten temperatuur',1,0,2),(3016,'2022-06-17 22:12:36',0,'Gemeten kwaliteit waarde',2,0,1),(3017,'2022-06-17 22:12:36',7.7,'Gemeten pH-waarde',3,0,2),(3018,'2022-06-17 22:12:49',27.06,'Gemeten temperatuur',1,0,2),(3019,'2022-06-17 22:12:49',0,'Gemeten kwaliteit waarde',2,0,1),(3020,'2022-06-17 22:12:49',7.7,'Gemeten pH-waarde',3,0,2),(3021,'2022-06-17 22:13:02',27.06,'Gemeten temperatuur',1,0,2),(3022,'2022-06-17 22:13:02',0,'Gemeten kwaliteit waarde',2,0,1),(3023,'2022-06-17 22:13:02',7.71,'Gemeten pH-waarde',3,0,2),(3024,'2022-06-17 22:13:15',27.06,'Gemeten temperatuur',1,0,2),(3025,'2022-06-17 22:13:15',0,'Gemeten kwaliteit waarde',2,0,1),(3026,'2022-06-17 22:13:15',7.71,'Gemeten pH-waarde',3,0,2),(3027,'2022-06-17 22:13:28',27,'Gemeten temperatuur',1,0,2),(3028,'2022-06-17 22:13:28',0,'Gemeten kwaliteit waarde',2,0,1),(3029,'2022-06-17 22:13:28',7.71,'Gemeten pH-waarde',3,0,2),(3030,'2022-06-17 22:13:40',27,'Gemeten temperatuur',1,0,2),(3031,'2022-06-17 22:13:40',0,'Gemeten kwaliteit waarde',2,0,1),(3032,'2022-06-17 22:13:40',7.7,'Gemeten pH-waarde',3,0,2),(3033,'2022-06-17 22:13:54',27,'Gemeten temperatuur',1,0,2),(3034,'2022-06-17 22:13:54',0,'Gemeten kwaliteit waarde',2,0,1),(3035,'2022-06-17 22:13:54',7.7,'Gemeten pH-waarde',3,0,2),(3036,'2022-06-17 22:14:06',27,'Gemeten temperatuur',1,0,2),(3037,'2022-06-17 22:14:06',0,'Gemeten kwaliteit waarde',2,0,1),(3038,'2022-06-17 22:14:06',7.71,'Gemeten pH-waarde',3,0,2),(3039,'2022-06-17 22:14:20',27,'Gemeten temperatuur',1,0,2),(3040,'2022-06-17 22:14:20',0,'Gemeten kwaliteit waarde',2,0,1),(3041,'2022-06-17 22:14:20',7.71,'Gemeten pH-waarde',3,0,2),(3042,'2022-06-17 22:14:33',27,'Gemeten temperatuur',1,0,2),(3043,'2022-06-17 22:14:33',0,'Gemeten kwaliteit waarde',2,0,1),(3044,'2022-06-17 22:14:33',7.7,'Gemeten pH-waarde',3,0,2),(3045,'2022-06-17 22:14:46',27,'Gemeten temperatuur',1,0,2),(3046,'2022-06-17 22:14:46',0,'Gemeten kwaliteit waarde',2,0,1),(3047,'2022-06-17 22:14:46',7.7,'Gemeten pH-waarde',3,0,2),(3048,'2022-06-17 22:14:59',26.94,'Gemeten temperatuur',1,0,2),(3049,'2022-06-17 22:14:59',0,'Gemeten kwaliteit waarde',2,0,1),(3050,'2022-06-17 22:14:59',7.71,'Gemeten pH-waarde',3,0,2),(3051,'2022-06-17 22:15:12',26.94,'Gemeten temperatuur',1,0,2),(3052,'2022-06-17 22:15:12',0,'Gemeten kwaliteit waarde',2,0,1),(3053,'2022-06-17 22:15:12',7.71,'Gemeten pH-waarde',3,0,2),(3054,'2022-06-17 22:15:25',26.94,'Gemeten temperatuur',1,0,2),(3055,'2022-06-17 22:15:25',0,'Gemeten kwaliteit waarde',2,0,1),(3056,'2022-06-17 22:15:25',7.71,'Gemeten pH-waarde',3,0,2),(3057,'2022-06-17 22:15:38',26.94,'Gemeten temperatuur',1,0,2),(3058,'2022-06-17 22:15:38',0,'Gemeten kwaliteit waarde',2,0,1),(3059,'2022-06-17 22:15:38',7.7,'Gemeten pH-waarde',3,0,2),(3060,'2022-06-17 22:15:51',26.94,'Gemeten temperatuur',1,0,2),(3061,'2022-06-17 22:15:51',0,'Gemeten kwaliteit waarde',2,0,1),(3062,'2022-06-17 22:15:51',7.7,'Gemeten pH-waarde',3,0,2),(3063,'2022-06-17 22:16:04',26.94,'Gemeten temperatuur',1,0,2),(3064,'2022-06-17 22:16:04',0,'Gemeten kwaliteit waarde',2,0,1),(3065,'2022-06-17 22:16:04',7.7,'Gemeten pH-waarde',3,0,2),(3066,'2022-06-17 22:16:17',26.94,'Gemeten temperatuur',1,0,2),(3067,'2022-06-17 22:16:17',0,'Gemeten kwaliteit waarde',2,0,1),(3068,'2022-06-17 22:16:17',7.7,'Gemeten pH-waarde',3,0,2),(3069,'2022-06-17 22:16:30',26.88,'Gemeten temperatuur',1,0,2),(3070,'2022-06-17 22:16:30',0,'Gemeten kwaliteit waarde',2,0,1),(3071,'2022-06-17 22:16:30',7.7,'Gemeten pH-waarde',3,0,2),(3072,'2022-06-17 22:16:43',26.88,'Gemeten temperatuur',1,0,2),(3073,'2022-06-17 22:16:43',0,'Gemeten kwaliteit waarde',2,0,1),(3074,'2022-06-17 22:16:43',7.71,'Gemeten pH-waarde',3,0,2),(3075,'2022-06-17 22:16:56',26.88,'Gemeten temperatuur',1,0,2),(3076,'2022-06-17 22:16:56',0,'Gemeten kwaliteit waarde',2,0,1),(3077,'2022-06-17 22:16:56',7.73,'Gemeten pH-waarde',3,0,2),(3078,'2022-06-17 22:17:09',26.88,'Gemeten temperatuur',1,0,2),(3079,'2022-06-17 22:17:09',0,'Gemeten kwaliteit waarde',2,0,1),(3080,'2022-06-17 22:17:09',7.74,'Gemeten pH-waarde',3,0,2),(3081,'2022-06-17 22:17:21',26.88,'Gemeten temperatuur',1,0,2),(3082,'2022-06-17 22:17:21',0,'Gemeten kwaliteit waarde',2,0,1),(3083,'2022-06-17 22:17:21',7.72,'Gemeten pH-waarde',3,0,2),(3084,'2022-06-17 22:17:34',26.88,'Gemeten temperatuur',1,0,2),(3085,'2022-06-17 22:17:34',0,'Gemeten kwaliteit waarde',2,0,1),(3086,'2022-06-17 22:17:34',7.72,'Gemeten pH-waarde',3,0,2),(3087,'2022-06-17 22:17:47',26.88,'Gemeten temperatuur',1,0,2),(3088,'2022-06-17 22:17:47',0,'Gemeten kwaliteit waarde',2,0,1),(3089,'2022-06-17 22:17:47',7.73,'Gemeten pH-waarde',3,0,2),(3090,'2022-06-17 22:18:00',26.88,'Gemeten temperatuur',1,0,2),(3091,'2022-06-17 22:18:00',0,'Gemeten kwaliteit waarde',2,0,1),(3092,'2022-06-17 22:18:00',7.71,'Gemeten pH-waarde',3,0,2),(3093,'2022-06-17 22:18:13',26.88,'Gemeten temperatuur',1,0,2),(3094,'2022-06-17 22:18:13',0,'Gemeten kwaliteit waarde',2,0,1),(3095,'2022-06-17 22:18:13',7.73,'Gemeten pH-waarde',3,0,2),(3096,'2022-06-17 22:18:26',26.88,'Gemeten temperatuur',1,0,2),(3097,'2022-06-17 22:18:26',0,'Gemeten kwaliteit waarde',2,0,1),(3098,'2022-06-17 22:18:26',7.72,'Gemeten pH-waarde',3,0,2),(3099,'2022-06-17 22:18:39',26.88,'Gemeten temperatuur',1,0,2),(3100,'2022-06-17 22:18:39',0,'Gemeten kwaliteit waarde',2,0,1),(3101,'2022-06-17 22:18:39',7.71,'Gemeten pH-waarde',3,0,2),(3102,'2022-06-17 22:18:52',26.88,'Gemeten temperatuur',1,0,2),(3103,'2022-06-17 22:18:52',0,'Gemeten kwaliteit waarde',2,0,1),(3104,'2022-06-17 22:18:52',7.72,'Gemeten pH-waarde',3,0,2),(3105,'2022-06-17 22:19:05',26.81,'Gemeten temperatuur',1,0,2),(3106,'2022-06-17 22:19:05',0,'Gemeten kwaliteit waarde',2,0,1),(3107,'2022-06-17 22:19:05',7.73,'Gemeten pH-waarde',3,0,2),(3108,'2022-06-17 22:19:18',26.81,'Gemeten temperatuur',1,0,2),(3109,'2022-06-17 22:19:18',0,'Gemeten kwaliteit waarde',2,0,1),(3110,'2022-06-17 22:19:18',7.73,'Gemeten pH-waarde',3,0,2),(3111,'2022-06-17 22:19:31',26.81,'Gemeten temperatuur',1,0,2),(3112,'2022-06-17 22:19:31',0,'Gemeten kwaliteit waarde',2,0,1),(3113,'2022-06-17 22:19:31',7.73,'Gemeten pH-waarde',3,0,2),(3114,'2022-06-17 22:19:44',26.81,'Gemeten temperatuur',1,0,2),(3115,'2022-06-17 22:19:44',0,'Gemeten kwaliteit waarde',2,0,1),(3116,'2022-06-17 22:19:44',7.72,'Gemeten pH-waarde',3,0,2),(3117,'2022-06-17 22:19:57',26.81,'Gemeten temperatuur',1,0,2),(3118,'2022-06-17 22:19:57',0,'Gemeten kwaliteit waarde',2,0,1),(3119,'2022-06-17 22:19:57',7.71,'Gemeten pH-waarde',3,0,2),(3120,'2022-06-17 22:20:09',26.81,'Gemeten temperatuur',1,0,2),(3121,'2022-06-17 22:20:09',0,'Gemeten kwaliteit waarde',2,0,1),(3122,'2022-06-17 22:20:09',7.71,'Gemeten pH-waarde',3,0,2),(3123,'2022-06-17 22:20:22',26.81,'Gemeten temperatuur',1,0,2),(3124,'2022-06-17 22:20:22',0,'Gemeten kwaliteit waarde',2,0,1),(3125,'2022-06-17 22:20:22',7.72,'Gemeten pH-waarde',3,0,2),(3126,'2022-06-17 22:20:36',26.81,'Gemeten temperatuur',1,0,2),(3127,'2022-06-17 22:20:36',0,'Gemeten kwaliteit waarde',2,0,1),(3128,'2022-06-17 22:20:36',7.72,'Gemeten pH-waarde',3,0,2),(3129,'2022-06-17 22:20:49',26.81,'Gemeten temperatuur',1,0,2),(3130,'2022-06-17 22:20:49',0,'Gemeten kwaliteit waarde',2,0,1),(3131,'2022-06-17 22:20:49',7.71,'Gemeten pH-waarde',3,0,2),(3132,'2022-06-17 22:21:02',26.81,'Gemeten temperatuur',1,0,2),(3133,'2022-06-17 22:21:02',0,'Gemeten kwaliteit waarde',2,0,1),(3134,'2022-06-17 22:21:02',7.72,'Gemeten pH-waarde',3,0,2),(3135,'2022-06-17 22:21:15',26.81,'Gemeten temperatuur',1,0,2),(3136,'2022-06-17 22:21:15',0,'Gemeten kwaliteit waarde',2,0,1),(3137,'2022-06-17 22:21:15',7.73,'Gemeten pH-waarde',3,0,2),(3138,'2022-06-17 22:21:28',26.81,'Gemeten temperatuur',1,0,2),(3139,'2022-06-17 22:21:28',0,'Gemeten kwaliteit waarde',2,0,1),(3140,'2022-06-17 22:21:28',7.71,'Gemeten pH-waarde',3,0,2),(3141,'2022-06-17 22:21:41',26.81,'Gemeten temperatuur',1,0,2),(3142,'2022-06-17 22:21:41',0,'Gemeten kwaliteit waarde',2,0,1),(3143,'2022-06-17 22:21:41',7.71,'Gemeten pH-waarde',3,0,2),(3144,'2022-06-17 22:21:54',26.81,'Gemeten temperatuur',1,0,2),(3145,'2022-06-17 22:21:54',0,'Gemeten kwaliteit waarde',2,0,1),(3146,'2022-06-17 22:21:54',7.71,'Gemeten pH-waarde',3,0,2),(3147,'2022-06-17 22:22:07',26.81,'Gemeten temperatuur',1,0,2),(3148,'2022-06-17 22:22:07',0,'Gemeten kwaliteit waarde',2,0,1),(3149,'2022-06-17 22:22:07',7.73,'Gemeten pH-waarde',3,0,2),(3150,'2022-06-17 22:22:20',26.81,'Gemeten temperatuur',1,0,2),(3151,'2022-06-17 22:22:20',0,'Gemeten kwaliteit waarde',2,0,1),(3152,'2022-06-17 22:22:20',7.7,'Gemeten pH-waarde',3,0,2),(3153,'2022-06-17 22:22:33',26.81,'Gemeten temperatuur',1,0,2),(3154,'2022-06-17 22:22:33',0,'Gemeten kwaliteit waarde',2,0,1),(3155,'2022-06-17 22:22:33',7.7,'Gemeten pH-waarde',3,0,2),(3156,'2022-06-17 22:22:46',26.81,'Gemeten temperatuur',1,0,2),(3157,'2022-06-17 22:22:46',0,'Gemeten kwaliteit waarde',2,0,1),(3158,'2022-06-17 22:22:46',7.7,'Gemeten pH-waarde',3,0,2),(3159,'2022-06-17 22:22:59',26.81,'Gemeten temperatuur',1,0,2),(3160,'2022-06-17 22:22:59',0,'Gemeten kwaliteit waarde',2,0,1),(3161,'2022-06-17 22:22:59',7.7,'Gemeten pH-waarde',3,0,2),(3162,'2022-06-17 22:23:13',26.81,'Gemeten temperatuur',1,0,2),(3163,'2022-06-17 22:23:13',0,'Gemeten kwaliteit waarde',2,0,1),(3164,'2022-06-17 22:23:13',7.7,'Gemeten pH-waarde',3,0,2),(3165,'2022-06-17 22:23:26',26.81,'Gemeten temperatuur',1,0,2),(3166,'2022-06-17 22:23:26',0,'Gemeten kwaliteit waarde',2,0,1),(3167,'2022-06-17 22:23:26',7.71,'Gemeten pH-waarde',3,0,2),(3168,'2022-06-17 22:23:39',26.81,'Gemeten temperatuur',1,0,2),(3169,'2022-06-17 22:23:39',0,'Gemeten kwaliteit waarde',2,0,1),(3170,'2022-06-17 22:23:39',7.7,'Gemeten pH-waarde',3,0,2),(3171,'2022-06-17 22:23:51',26.81,'Gemeten temperatuur',1,0,2),(3172,'2022-06-17 22:23:51',0,'Gemeten kwaliteit waarde',2,0,1),(3173,'2022-06-17 22:23:51',7.72,'Gemeten pH-waarde',3,0,2),(3174,'2022-06-17 22:24:04',26.81,'Gemeten temperatuur',1,0,2),(3175,'2022-06-17 22:24:04',0,'Gemeten kwaliteit waarde',2,0,1),(3176,'2022-06-17 22:24:04',7.72,'Gemeten pH-waarde',3,0,2),(3177,'2022-06-17 22:24:17',26.81,'Gemeten temperatuur',1,0,2),(3178,'2022-06-17 22:24:17',0,'Gemeten kwaliteit waarde',2,0,1),(3179,'2022-06-17 22:24:17',7.7,'Gemeten pH-waarde',3,0,2),(3180,'2022-06-17 22:24:30',26.81,'Gemeten temperatuur',1,0,2),(3181,'2022-06-17 22:24:30',0,'Gemeten kwaliteit waarde',2,0,1),(3182,'2022-06-17 22:24:30',7.7,'Gemeten pH-waarde',3,0,2),(3183,'2022-06-17 22:24:43',26.75,'Gemeten temperatuur',1,0,2),(3184,'2022-06-17 22:24:43',0,'Gemeten kwaliteit waarde',2,0,1),(3185,'2022-06-17 22:24:43',7.72,'Gemeten pH-waarde',3,0,2),(3186,'2022-06-17 22:24:56',26.75,'Gemeten temperatuur',1,0,2),(3187,'2022-06-17 22:24:56',0,'Gemeten kwaliteit waarde',2,0,1),(3188,'2022-06-17 22:24:56',7.71,'Gemeten pH-waarde',3,0,2),(3189,'2022-06-17 22:25:09',26.75,'Gemeten temperatuur',1,0,2),(3190,'2022-06-17 22:25:09',0,'Gemeten kwaliteit waarde',2,0,1),(3191,'2022-06-17 22:25:09',7.7,'Gemeten pH-waarde',3,0,2),(3192,'2022-06-17 22:25:22',26.75,'Gemeten temperatuur',1,0,2),(3193,'2022-06-17 22:25:22',0,'Gemeten kwaliteit waarde',2,0,1),(3194,'2022-06-17 22:25:22',7.7,'Gemeten pH-waarde',3,0,2),(3195,'2022-06-17 22:25:35',26.75,'Gemeten temperatuur',1,0,2),(3196,'2022-06-17 22:25:35',0,'Gemeten kwaliteit waarde',2,0,1),(3197,'2022-06-17 22:25:35',7.71,'Gemeten pH-waarde',3,0,2),(3198,'2022-06-17 22:25:49',26.75,'Gemeten temperatuur',1,0,2),(3199,'2022-06-17 22:25:49',0,'Gemeten kwaliteit waarde',2,0,1),(3200,'2022-06-17 22:25:49',7.71,'Gemeten pH-waarde',3,0,2),(3201,'2022-06-17 22:26:01',26.75,'Gemeten temperatuur',1,0,2),(3202,'2022-06-17 22:26:01',0,'Gemeten kwaliteit waarde',2,0,1),(3203,'2022-06-17 22:26:01',7.71,'Gemeten pH-waarde',3,0,2),(3204,'2022-06-17 22:26:14',26.75,'Gemeten temperatuur',1,0,2),(3205,'2022-06-17 22:26:14',0,'Gemeten kwaliteit waarde',2,0,1),(3206,'2022-06-17 22:26:14',7.7,'Gemeten pH-waarde',3,0,2),(3207,'2022-06-17 22:26:27',26.75,'Gemeten temperatuur',1,0,2),(3208,'2022-06-17 22:26:27',0,'Gemeten kwaliteit waarde',2,0,1),(3209,'2022-06-17 22:26:27',7.7,'Gemeten pH-waarde',3,0,2),(3210,'2022-06-17 22:26:41',26.75,'Gemeten temperatuur',1,0,2),(3211,'2022-06-17 22:26:41',0,'Gemeten kwaliteit waarde',2,0,1),(3212,'2022-06-17 22:26:41',7.71,'Gemeten pH-waarde',3,0,2),(3213,'2022-06-17 22:26:53',26.75,'Gemeten temperatuur',1,0,2),(3214,'2022-06-17 22:26:53',0,'Gemeten kwaliteit waarde',2,0,1),(3215,'2022-06-17 22:26:53',7.71,'Gemeten pH-waarde',3,0,2),(3216,'2022-06-17 22:27:06',26.75,'Gemeten temperatuur',1,0,2),(3217,'2022-06-17 22:27:06',0,'Gemeten kwaliteit waarde',2,0,1),(3218,'2022-06-17 22:27:06',7.71,'Gemeten pH-waarde',3,0,2),(3219,'2022-06-17 22:27:19',26.75,'Gemeten temperatuur',1,0,2),(3220,'2022-06-17 22:27:19',0,'Gemeten kwaliteit waarde',2,0,1),(3221,'2022-06-17 22:27:19',7.7,'Gemeten pH-waarde',3,0,2),(3222,'2022-06-17 22:27:33',26.75,'Gemeten temperatuur',1,0,2),(3223,'2022-06-17 22:27:33',0,'Gemeten kwaliteit waarde',2,0,1),(3224,'2022-06-17 22:27:33',7.7,'Gemeten pH-waarde',3,0,2),(3225,'2022-06-18 10:15:57',25.75,'Gemeten temperatuur',1,0,2),(3226,'2022-06-18 10:15:57',0,'Gemeten kwaliteit waarde',2,0,1),(3227,'2022-06-18 10:15:57',7.41,'Gemeten pH-waarde',3,0,2),(3228,'2022-06-18 10:16:15',25.75,'Gemeten temperatuur',1,0,2),(3229,'2022-06-18 10:16:15',0,'Gemeten kwaliteit waarde',2,0,1),(3230,'2022-06-18 10:16:15',7.42,'Gemeten pH-waarde',3,0,2),(3231,'2022-06-18 10:16:30',25.75,'Gemeten temperatuur',1,0,2),(3232,'2022-06-18 10:16:30',0,'Gemeten kwaliteit waarde',2,0,1),(3233,'2022-06-18 10:16:30',7.4,'Gemeten pH-waarde',3,0,2),(3234,'2022-06-18 10:17:35',25.81,'Gemeten temperatuur',1,0,2),(3235,'2022-06-18 10:17:35',0,'Gemeten kwaliteit waarde',2,0,1),(3236,'2022-06-18 10:17:35',7.4,'Gemeten pH-waarde',3,0,2),(3237,'2022-06-18 10:21:44',25.88,'Gemeten temperatuur',1,0,2),(3238,'2022-06-18 10:21:44',0,'Gemeten kwaliteit waarde',2,0,1),(3239,'2022-06-18 10:21:44',7.41,'Gemeten pH-waarde',3,0,2),(3240,'2022-06-18 10:27:35',26.06,'Gemeten temperatuur',1,0,2),(3241,'2022-06-18 11:31:22',26.62,'Gemeten temperatuur',1,0,2),(3242,'2022-06-18 11:31:22',0,'Gemeten kwaliteit waarde',2,0,1),(3243,'2022-06-18 11:31:22',7.42,'Gemeten pH-waarde',3,0,2),(3244,'2022-06-18 11:55:38',27.12,'Gemeten temperatuur',1,0,2),(3245,'2022-06-18 11:55:38',0,'Gemeten kwaliteit waarde',2,0,1),(3246,'2022-06-18 11:55:38',4.79,'Gemeten pH-waarde',3,0,1),(3247,'2022-06-19 17:45:51',25.19,'Gemeten temperatuur',1,0,2),(3248,'2022-06-19 19:26:09',27.25,'Gemeten temperatuur',1,3,2),(3249,'2022-06-19 19:26:09',1,'Gemeten kwaliteit waarde',2,3,1),(3250,'2022-06-19 19:26:09',7.39,'Gemeten pH-waarde',3,3,2),(3251,'2022-06-19 19:26:30',27.25,'Gemeten temperatuur',1,3,2),(3252,'2022-06-19 19:26:30',1,'Gemeten kwaliteit waarde',2,3,1),(3253,'2022-06-19 19:26:30',7.44,'Gemeten pH-waarde',3,3,2),(3254,'2022-06-19 20:07:54',28.56,'Gemeten temperatuur',1,3,2),(3255,'2022-06-19 20:07:54',1,'Gemeten kwaliteit waarde',2,3,1),(3256,'2022-06-19 20:07:54',7.4,'Gemeten pH-waarde',3,3,2),(3257,'2022-06-19 20:08:14',28.56,'Gemeten temperatuur',1,3,2),(3258,'2022-06-19 20:08:14',1,'Gemeten kwaliteit waarde',2,3,1),(3259,'2022-06-19 20:08:14',7.39,'Gemeten pH-waarde',3,3,2),(3260,'2022-06-19 20:08:34',28.56,'Gemeten temperatuur',1,3,2),(3261,'2022-06-19 20:08:34',1,'Gemeten kwaliteit waarde',2,3,1),(3262,'2022-06-19 20:08:34',7.4,'Gemeten pH-waarde',3,3,2),(3263,'2022-06-19 20:25:05',28.75,'Gemeten temperatuur',1,3,2),(3264,'2022-06-19 20:25:05',1,'Gemeten kwaliteit waarde',2,3,1),(3265,'2022-06-19 20:25:05',7.41,'Gemeten pH-waarde',3,3,2),(3266,'2022-06-19 20:25:34',28.69,'Gemeten temperatuur',1,3,2),(3267,'2022-06-19 20:25:34',1,'Gemeten kwaliteit waarde',2,3,1),(3268,'2022-06-19 20:25:34',7.45,'Gemeten pH-waarde',3,3,2),(3269,'2022-06-19 20:26:27',28.75,'Gemeten temperatuur',1,3,2),(3270,'2022-06-19 20:26:27',1,'Gemeten kwaliteit waarde',2,3,1),(3271,'2022-06-19 20:26:27',7.45,'Gemeten pH-waarde',3,3,2),(3272,'2022-06-19 20:26:47',28.75,'Gemeten temperatuur',1,3,2),(3273,'2022-06-19 20:26:47',1,'Gemeten kwaliteit waarde',2,3,1),(3274,'2022-06-19 20:26:47',7.4,'Gemeten pH-waarde',3,3,2),(3275,'2022-06-19 20:31:07',28.81,'Gemeten temperatuur',1,3,2),(3276,'2022-06-19 20:31:07',1,'Gemeten kwaliteit waarde',2,3,1),(3277,'2022-06-19 20:31:07',7.4,'Gemeten pH-waarde',3,3,2),(3278,'2022-06-19 20:31:27',28.81,'Gemeten temperatuur',1,3,2),(3279,'2022-06-19 20:31:27',1,'Gemeten kwaliteit waarde',2,3,1),(3280,'2022-06-19 20:31:27',7.45,'Gemeten pH-waarde',3,3,2),(3281,'2022-06-19 20:31:48',28.81,'Gemeten temperatuur',1,3,2),(3282,'2022-06-19 20:31:48',1,'Gemeten kwaliteit waarde',2,3,1),(3283,'2022-06-19 20:31:48',7.41,'Gemeten pH-waarde',3,3,2),(3284,'2022-06-19 20:32:08',28.81,'Gemeten temperatuur',1,3,2),(3285,'2022-06-19 20:32:08',1,'Gemeten kwaliteit waarde',2,3,1),(3286,'2022-06-19 20:32:08',7.45,'Gemeten pH-waarde',3,3,2),(3287,'2022-06-19 20:32:29',28.81,'Gemeten temperatuur',1,3,2),(3288,'2022-06-19 20:32:29',1,'Gemeten kwaliteit waarde',2,3,1),(3289,'2022-06-19 20:32:29',7.44,'Gemeten pH-waarde',3,3,2),(3290,'2022-06-19 20:32:49',28.81,'Gemeten temperatuur',1,3,2),(3291,'2022-06-19 20:32:49',1,'Gemeten kwaliteit waarde',2,3,1),(3292,'2022-06-19 20:32:49',7.45,'Gemeten pH-waarde',3,3,2),(3293,'2022-06-19 20:33:09',28.81,'Gemeten temperatuur',1,3,2),(3294,'2022-06-19 20:33:09',1,'Gemeten kwaliteit waarde',2,3,1),(3295,'2022-06-19 20:33:09',7.41,'Gemeten pH-waarde',3,3,2),(3296,'2022-06-19 20:33:29',28.81,'Gemeten temperatuur',1,3,2),(3297,'2022-06-19 20:33:29',1,'Gemeten kwaliteit waarde',2,3,1),(3298,'2022-06-19 20:33:29',7.41,'Gemeten pH-waarde',3,3,2),(3299,'2022-06-19 20:36:05',28.25,'Gemeten temperatuur',1,3,2),(3300,'2022-06-19 20:36:05',1,'Gemeten kwaliteit waarde',2,3,1),(3301,'2022-06-19 20:36:05',7.4,'Gemeten pH-waarde',3,3,2),(3302,'2022-06-19 20:36:25',28.12,'Gemeten temperatuur',1,3,2),(3303,'2022-06-19 20:36:25',1,'Gemeten kwaliteit waarde',2,3,1),(3304,'2022-06-19 20:36:25',7.39,'Gemeten pH-waarde',3,3,2),(3305,'2022-06-19 20:43:02',26.81,'Gemeten temperatuur',1,3,2),(3306,'2022-06-19 20:43:02',1,'Gemeten kwaliteit waarde',2,3,1),(3307,'2022-06-19 20:43:02',7.39,'Gemeten pH-waarde',3,3,2),(3308,'2022-06-19 20:43:23',26.75,'Gemeten temperatuur',1,3,2),(3309,'2022-06-19 20:43:23',1,'Gemeten kwaliteit waarde',2,3,1),(3310,'2022-06-19 20:43:23',7.44,'Gemeten pH-waarde',3,3,2),(3311,'2022-06-19 20:43:43',26.69,'Gemeten temperatuur',1,3,2),(3312,'2022-06-19 20:43:43',1,'Gemeten kwaliteit waarde',2,3,1),(3313,'2022-06-19 20:43:43',7.4,'Gemeten pH-waarde',3,3,2),(3314,'2022-06-19 20:44:03',26.69,'Gemeten temperatuur',1,3,2),(3315,'2022-06-19 20:44:03',1,'Gemeten kwaliteit waarde',2,3,1),(3316,'2022-06-19 20:44:03',7.41,'Gemeten pH-waarde',3,3,2),(3317,'2022-06-19 20:44:23',26.62,'Gemeten temperatuur',1,3,2),(3318,'2022-06-19 20:44:23',1,'Gemeten kwaliteit waarde',2,3,1),(3319,'2022-06-19 20:44:23',7.44,'Gemeten pH-waarde',3,3,2),(3320,'2022-06-19 21:32:58',25.19,'Gemeten temperatuur',1,3,2),(3321,'2022-06-19 21:32:58',1,'Gemeten kwaliteit waarde',2,3,1),(3322,'2022-06-19 21:32:58',7.42,'Gemeten pH-waarde',3,3,2),(3323,'2022-06-19 21:33:37',25.19,'Gemeten temperatuur',1,3,2),(3324,'2022-06-19 21:33:37',1,'Gemeten kwaliteit waarde',2,3,1),(3325,'2022-06-19 21:33:37',7.42,'Gemeten pH-waarde',3,3,2),(3326,'2022-06-19 21:33:57',25.19,'Gemeten temperatuur',1,3,2),(3327,'2022-06-19 21:33:57',1,'Gemeten kwaliteit waarde',2,3,1),(3328,'2022-06-19 21:33:57',7.42,'Gemeten pH-waarde',3,3,2),(3329,'2022-06-19 21:34:17',25.19,'Gemeten temperatuur',1,3,2),(3330,'2022-06-19 21:34:17',1,'Gemeten kwaliteit waarde',2,3,1),(3331,'2022-06-19 21:34:17',7.4,'Gemeten pH-waarde',3,3,2),(3332,'2022-06-19 21:34:37',25.19,'Gemeten temperatuur',1,3,2),(3333,'2022-06-19 21:34:37',1,'Gemeten kwaliteit waarde',2,3,1),(3334,'2022-06-19 21:34:37',7.42,'Gemeten pH-waarde',3,3,2),(3335,'2022-06-19 21:34:57',25.12,'Gemeten temperatuur',1,3,2),(3336,'2022-06-19 21:34:57',1,'Gemeten kwaliteit waarde',2,3,1),(3337,'2022-06-19 21:34:57',7.39,'Gemeten pH-waarde',3,3,2),(3338,'2022-06-19 21:35:17',25.12,'Gemeten temperatuur',1,3,2),(3339,'2022-06-19 21:35:17',1,'Gemeten kwaliteit waarde',2,3,1),(3340,'2022-06-19 21:35:17',7.42,'Gemeten pH-waarde',3,3,2),(3341,'2022-06-19 21:35:38',25.12,'Gemeten temperatuur',1,3,2),(3342,'2022-06-19 21:35:38',1,'Gemeten kwaliteit waarde',2,3,1),(3343,'2022-06-19 21:35:38',7.42,'Gemeten pH-waarde',3,3,2),(3344,'2022-06-19 21:38:49',25.06,'Gemeten temperatuur',1,3,2),(3345,'2022-06-19 21:38:49',1,'Gemeten kwaliteit waarde',2,3,1),(3346,'2022-06-19 21:38:49',7.42,'Gemeten pH-waarde',3,3,2),(3347,'2022-06-19 21:39:09',25.06,'Gemeten temperatuur',1,3,2),(3348,'2022-06-19 21:39:09',1,'Gemeten kwaliteit waarde',2,3,1),(3349,'2022-06-19 21:39:09',7.42,'Gemeten pH-waarde',3,3,2),(3350,'2022-06-19 21:39:29',25.06,'Gemeten temperatuur',1,3,2),(3351,'2022-06-19 21:39:29',1,'Gemeten kwaliteit waarde',2,3,1),(3352,'2022-06-19 21:39:29',7.38,'Gemeten pH-waarde',3,3,2),(3353,'2022-06-19 21:39:50',25.06,'Gemeten temperatuur',1,3,2),(3354,'2022-06-19 21:39:57',25.06,'Gemeten temperatuur',1,3,2),(3355,'2022-06-19 21:39:57',1,'Gemeten kwaliteit waarde',2,3,1),(3356,'2022-06-19 21:39:57',7.42,'Gemeten pH-waarde',3,3,2),(3357,'2022-06-19 21:40:17',25.06,'Gemeten temperatuur',1,3,2),(3358,'2022-06-19 21:40:17',1,'Gemeten kwaliteit waarde',2,3,1),(3359,'2022-06-19 21:40:17',7.43,'Gemeten pH-waarde',3,3,2),(3360,'2022-06-19 21:40:38',25.06,'Gemeten temperatuur',1,3,2),(3361,'2022-06-19 21:40:38',1,'Gemeten kwaliteit waarde',2,3,1),(3362,'2022-06-19 21:40:38',7.38,'Gemeten pH-waarde',3,3,2),(3363,'2022-06-19 21:40:58',25.06,'Gemeten temperatuur',1,3,2),(3364,'2022-06-19 21:40:58',1,'Gemeten kwaliteit waarde',2,3,1),(3365,'2022-06-19 21:40:58',7.41,'Gemeten pH-waarde',3,3,2),(3366,'2022-06-19 21:41:17',25.06,'Gemeten temperatuur',1,3,2),(3367,'2022-06-19 21:41:17',1,'Gemeten kwaliteit waarde',2,3,1),(3368,'2022-06-19 21:41:17',7.39,'Gemeten pH-waarde',3,3,2),(3369,'2022-06-19 21:41:37',25.06,'Gemeten temperatuur',1,3,2),(3370,'2022-06-19 21:41:37',1,'Gemeten kwaliteit waarde',2,3,1),(3371,'2022-06-19 21:41:37',7.39,'Gemeten pH-waarde',3,3,2),(3372,'2022-06-19 21:41:57',25.06,'Gemeten temperatuur',1,3,2),(3373,'2022-06-19 21:41:57',1,'Gemeten kwaliteit waarde',2,3,1),(3374,'2022-06-19 21:41:57',7.42,'Gemeten pH-waarde',3,3,2),(3375,'2022-06-19 21:42:17',25.06,'Gemeten temperatuur',1,3,2),(3376,'2022-06-19 21:42:17',1,'Gemeten kwaliteit waarde',2,3,1),(3377,'2022-06-19 21:42:17',7.4,'Gemeten pH-waarde',3,3,2),(3378,'2022-06-19 21:42:38',25.06,'Gemeten temperatuur',1,3,2),(3379,'2022-06-19 21:42:38',1,'Gemeten kwaliteit waarde',2,3,1),(3380,'2022-06-19 21:42:38',7.4,'Gemeten pH-waarde',3,3,2),(3381,'2022-06-19 21:42:58',25.06,'Gemeten temperatuur',1,3,2),(3382,'2022-06-19 21:42:58',1,'Gemeten kwaliteit waarde',2,3,1),(3383,'2022-06-19 21:42:58',7.42,'Gemeten pH-waarde',3,3,2),(3384,'2022-06-19 21:43:18',25.06,'Gemeten temperatuur',1,3,2),(3385,'2022-06-19 21:43:18',1,'Gemeten kwaliteit waarde',2,3,1),(3386,'2022-06-19 21:43:18',7.4,'Gemeten pH-waarde',3,3,2),(3387,'2022-06-19 21:43:38',25.06,'Gemeten temperatuur',1,3,2),(3388,'2022-06-19 21:43:38',1,'Gemeten kwaliteit waarde',2,3,1),(3389,'2022-06-19 21:43:38',7.42,'Gemeten pH-waarde',3,3,2),(3390,'2022-06-19 21:43:58',25.06,'Gemeten temperatuur',1,3,2),(3391,'2022-06-19 21:43:58',1,'Gemeten kwaliteit waarde',2,3,1),(3392,'2022-06-19 21:43:58',7.38,'Gemeten pH-waarde',3,3,2),(3393,'2022-06-19 21:44:18',25.06,'Gemeten temperatuur',1,3,2),(3394,'2022-06-19 21:44:18',1,'Gemeten kwaliteit waarde',2,3,1),(3395,'2022-06-19 21:44:18',7.42,'Gemeten pH-waarde',3,3,2),(3396,'2022-06-19 21:44:38',25.06,'Gemeten temperatuur',1,3,2),(3397,'2022-06-19 21:44:38',1,'Gemeten kwaliteit waarde',2,3,1),(3398,'2022-06-19 21:44:38',7.42,'Gemeten pH-waarde',3,3,2),(3399,'2022-06-19 21:44:59',25.06,'Gemeten temperatuur',1,3,2),(3400,'2022-06-19 21:44:59',1,'Gemeten kwaliteit waarde',2,3,1),(3401,'2022-06-19 21:44:59',7.4,'Gemeten pH-waarde',3,3,2),(3402,'2022-06-19 21:45:19',25.06,'Gemeten temperatuur',1,3,2),(3403,'2022-06-19 21:45:19',1,'Gemeten kwaliteit waarde',2,3,1),(3404,'2022-06-19 21:45:19',7.42,'Gemeten pH-waarde',3,3,2),(3405,'2022-06-19 21:45:39',25.06,'Gemeten temperatuur',1,3,2),(3406,'2022-06-19 21:45:39',1,'Gemeten kwaliteit waarde',2,3,1),(3407,'2022-06-19 21:45:39',7.39,'Gemeten pH-waarde',3,3,2),(3408,'2022-06-19 21:46:00',25.06,'Gemeten temperatuur',1,3,2),(3409,'2022-06-19 21:46:00',1,'Gemeten kwaliteit waarde',2,3,1),(3410,'2022-06-19 21:46:00',7.41,'Gemeten pH-waarde',3,3,2),(3411,'2022-06-19 21:46:20',25.06,'Gemeten temperatuur',1,3,2),(3412,'2022-06-19 21:46:20',1,'Gemeten kwaliteit waarde',2,3,1),(3413,'2022-06-19 21:46:20',7.42,'Gemeten pH-waarde',3,3,2),(3414,'2022-06-19 21:46:40',25.06,'Gemeten temperatuur',1,3,2),(3415,'2022-06-19 21:46:40',1,'Gemeten kwaliteit waarde',2,3,1),(3416,'2022-06-19 21:46:40',7.4,'Gemeten pH-waarde',3,3,2),(3417,'2022-06-19 21:47:00',25.06,'Gemeten temperatuur',1,3,2),(3418,'2022-06-19 21:47:00',1,'Gemeten kwaliteit waarde',2,3,1),(3419,'2022-06-19 21:47:00',7.4,'Gemeten pH-waarde',3,3,2),(3420,'2022-06-19 21:47:20',25.06,'Gemeten temperatuur',1,3,2),(3421,'2022-06-19 21:47:20',1,'Gemeten kwaliteit waarde',2,3,1),(3422,'2022-06-19 21:47:20',7.42,'Gemeten pH-waarde',3,3,2),(3423,'2022-06-19 21:47:40',25,'Gemeten temperatuur',1,3,2),(3424,'2022-06-19 21:47:40',1,'Gemeten kwaliteit waarde',2,3,1),(3425,'2022-06-19 21:47:40',7.4,'Gemeten pH-waarde',3,3,2),(3426,'2022-06-19 21:48:00',25,'Gemeten temperatuur',1,3,2),(3427,'2022-06-19 21:48:00',1,'Gemeten kwaliteit waarde',2,3,1),(3428,'2022-06-19 21:48:00',7.39,'Gemeten pH-waarde',3,3,2),(3429,'2022-06-19 21:48:20',25,'Gemeten temperatuur',1,3,2),(3430,'2022-06-19 21:48:20',1,'Gemeten kwaliteit waarde',2,3,1),(3431,'2022-06-19 21:48:20',7.39,'Gemeten pH-waarde',3,3,2),(3432,'2022-06-20 16:07:31',24.44,'Gemeten temperatuur',1,3,2),(3433,'2022-06-20 16:07:31',1,'Gemeten kwaliteit waarde',2,3,1),(3434,'2022-06-20 16:07:31',7.34,'Gemeten pH-waarde',3,3,2),(3435,'2022-06-20 16:07:51',24.44,'Gemeten temperatuur',1,3,2),(3436,'2022-06-20 16:07:51',1,'Gemeten kwaliteit waarde',2,3,1),(3437,'2022-06-20 16:12:14',24.81,'Gemeten temperatuur',1,3,2),(3438,'2022-06-20 16:12:14',1,'Gemeten kwaliteit waarde',2,3,1),(3439,'2022-06-20 16:12:14',7.37,'Gemeten pH-waarde',3,3,2),(3440,'2022-06-20 16:25:05',25.94,'Gemeten temperatuur',1,3,2),(3441,'2022-06-20 16:25:05',1,'Gemeten kwaliteit waarde',2,3,1),(3442,'2022-06-20 16:25:05',7.32,'Gemeten pH-waarde',3,3,2),(3443,'2022-06-20 16:25:25',26,'Gemeten temperatuur',1,3,2),(3444,'2022-06-20 16:25:25',1,'Gemeten kwaliteit waarde',2,3,1),(3445,'2022-06-20 16:25:25',7.36,'Gemeten pH-waarde',3,3,2),(3446,'2022-06-20 16:25:46',26,'Gemeten temperatuur',1,3,2),(3447,'2022-06-20 16:25:46',1,'Gemeten kwaliteit waarde',2,3,1),(3448,'2022-06-20 16:25:46',7.36,'Gemeten pH-waarde',3,3,2);
/*!40000 ALTER TABLE `Historiek` ENABLE KEYS */;
UNLOCK TABLES;

--
-- Table structure for table `Status`
--

DROP TABLE IF EXISTS `Status`;
/*!40101 SET @saved_cs_client     = @@character_set_client */;
/*!40101 SET character_set_client = utf8 */;
CREATE TABLE `Status` (
  `StatusID` int(11) NOT NULL AUTO_INCREMENT,
  `Beschrijving` varchar(250) NOT NULL,
  PRIMARY KEY (`StatusID`)
) ENGINE=InnoDB AUTO_INCREMENT=4 DEFAULT CHARSET=utf8;
/*!40101 SET character_set_client = @saved_cs_client */;

--
-- Dumping data for table `Status`
--

LOCK TABLES `Status` WRITE;
/*!40000 ALTER TABLE `Status` DISABLE KEYS */;
INSERT INTO `Status` VALUES (1,'Waarde te laag'),(2,'Waarde in orde'),(3,'Waarde te hoog');
/*!40000 ALTER TABLE `Status` ENABLE KEYS */;
UNLOCK TABLES;
/*!40103 SET TIME_ZONE=@OLD_TIME_ZONE */;

/*!40101 SET SQL_MODE=@OLD_SQL_MODE */;
/*!40014 SET FOREIGN_KEY_CHECKS=@OLD_FOREIGN_KEY_CHECKS */;
/*!40014 SET UNIQUE_CHECKS=@OLD_UNIQUE_CHECKS */;
/*!40101 SET CHARACTER_SET_CLIENT=@OLD_CHARACTER_SET_CLIENT */;
/*!40101 SET CHARACTER_SET_RESULTS=@OLD_CHARACTER_SET_RESULTS */;
/*!40101 SET COLLATION_CONNECTION=@OLD_COLLATION_CONNECTION */;
/*!40111 SET SQL_NOTES=@OLD_SQL_NOTES */;

-- Dump completed on 2022-06-20 17:13:49

